GEOID20,POP20,votes_dem,votes_gop,WHITEPOP,BLACKPOP,HISPLATPOP
29005950100,3058,543.6565908,893.1865322,2896,13,49
29005950200,2247,410.7322987,645.480135,2112,10,24
29025950100,2614,399.6517808,641.3701454,2462,12,20
29025950201,2979,375.7739038,599.2556688,2736,56,61
29025950202,3222,587.4380738,914.0837865,3053,1,70
29033960100,2225,365.3966516,590.0588124,2094,17,36
29033960200,2419,495.9445607,851.3039261,2309,20,19
29033960300,3851,641.088918,1012.408051,3541,60,77
29035960100,3256,493.4169245,960.5985586,3033,3,62
29035960200,1946,445.9719651,711.0125531,1804,10,35
29041470100,2220,403.9508131,618.1192337,2130,1,19
29041470200,2372,446.0012328,619.830002,2153,108,47
29041470300,2816,514.270724,791.1578806,2686,40,35
29045950100,1927,320.1213268,521.9333329,1845,5,5
29045950200,1936,330.2033643,428.5618138,1862,6,13
29045950300,2771,236.317021,507.0466403,2656,12,32
29047020201,5423,942.8703385,741.5967149,3163,837,689
29047020202,4867,1022.384059,942.2144676,3736,336,396
29047020300,6688,1408.982032,1333.256651,4453,798,724
29047020400,2561,498.4726297,412.5152228,1431,501,330
29047020500,6252,1319.868025,1152.551432,4075,974,651
29047020602,4417,799.9103135,609.5066554,2484,1081,491
29047020603,4196,831.3803734,806.4538066,3114,350,432
29047020604,5484,1184.786073,1040.540611,3486,876,714
29047020802,2656,603.7821088,647.6054689,2287,97,138
29047020803,2906,677.0511615,729.8676658,2341,160,213
29047020901,6107,1476.304727,1471.28999,4729,386,569
29047020902,2562,594.0523679,571.6374338,2005,136,288
29047021001,3716,757.2182963,726.3150787,2705,374,417
29047021003,4115,968.10261,903.8405916,3153,394,287
29047021004,3068,704.9543585,711.5965489,2401,170,295
29047021101,5123,1099.783982,1060.288971,3967,338,435
29047021103,3772,920.648653,901.3693106,2847,260,313
29047021104,3187,689.8565184,681.189685,2406,265,221
29047021105,3736,827.0157713,795.2350326,2730,367,318
29047021204,5679,948.0887012,782.5918527,3774,702,701
29047021208,6058,1193.667336,1041.322595,4029,1004,602
29047021209,4461,1143.72245,1186.453288,3548,307,359
29047021210,4368,859.0188683,826.5283018,3247,377,343
29047021211,2804,555.5073622,569.2696849,2214,197,210
29047021212,6754,1139.944133,1209.984588,5042,642,499
29047021213,3193,595.062514,609.7930075,1962,672,321
29047021214,1417,258.5463448,261.6647442,1099,129,94
29047021303,5065,876.7804697,1009.712835,4341,174,225
29047021307,7622,1472.764996,1455.057136,5699,648,626
29047021309,5911,1080.242531,1355.779661,5018,211,214
29047021311,2866,574.7213433,622.9378485,2293,192,211
29047021312,7620,1277.916101,1494.152268,6388,331,437
29047021313,8275,1586.096816,1733.081509,6455,482,675
29047021314,7251,1367.975564,1532.326087,5902,393,570
29047021401,4628,935.0827573,988.5207363,3920,240,219
29047021403,2995,614.6864031,633.2402038,2491,125,170
29047021404,4816,969.9744185,1046.975839,4041,261,225
29047021601,4767,1002.515465,1051.384652,3874,272,310
29047021602,3505,837.5854644,1033.904367,3146,38,98
29047021701,5379,1020.525962,1265.363155,4828,77,191
29047021703,2543,471.4606048,568.4257685,2305,36,73
29047021704,3322,582.8190868,756.4848472,2860,69,142
29047021806,4066,781.2405735,1037.518484,3683,40,157
29047021807,4233,904.0157028,1026.056668,3349,269,330
29047021808,4648,1058.215557,1199.085024,3862,278,268
29047021809,4566,974.8646462,1439.348644,4232,21,152
29047021810,3033,729.4721686,1007.913199,2756,15,120
29047021811,3537,745.9115834,1024.771041,3247,16,111
29047021812,5577,997.6718452,1406.416847,5079,27,172
29047021900,6768,1387.033613,1832.066038,6111,86,274
29047022000,6540,1287.192002,1684.260872,5950,50,209
29047022100,5343,1245.883724,957.2599192,3858,664,508
29047022200,4110,882.3175442,850.7652211,3093,220,561
29047022301,3180,748.4929361,809.6975924,2635,172,188
29047022302,5599,1316.217274,1474.774574,4870,134,364
29057480100,4621,819.1430734,1387.727542,4312,26,78
29057480200,2948,521.8438522,807.9225388,2726,10,57
29061470100,3217,524.3838469,873.5549345,3077,15,32
29061470200,5213,788.1161539,1225.167288,4900,18,81
29075960100,2848,512.1577571,812.0262674,2701,5,46
29075960200,3314,551.5089098,964.1959555,3182,10,44
29079960100,2084,341.2304813,584.1853367,2033,2,25
29079960200,2069,318.4112895,539.6944918,1957,5,37
29079960300,2244,304.383151,498.6990997,2058,20,82
29079960400,3411,561.1973006,899.865517,3177,29,97
29081950100,3169,494.1943662,941.4370769,2979,15,39
29081950200,2239,335.7243503,563.6254136,2136,10,36
29081950300,2749,389.1368395,627.3263995,2558,12,93
29085470100,2652,516.4586131,754.2150594,2476,4,46
29085470300,2234,452.6056834,686.3174483,2059,7,39
29085470501,1549,341.1658741,572.4364365,1416,4,22
29085470502,1844,370.6021335,550.2285644,1732,3,25
29087960100,1164,207.2357545,345.1234138,1107,2,23
29087960200,1379,239.3676484,386.7604373,1296,3,31
29087960300,1680,305.1278972,494.7145319,1601,5,13
29093950100,2509,395.4096134,648.5530834,2324,21,43
29093950200,2481,399.4600717,628.7404998,2250,26,72
29093950300,2686,415.7877655,632.417471,2439,52,37
29093950400,1861,332.009217,544.5111691,1676,48,25
29095000300,2087,362.9444445,236.2222222,1175,513,171
29095000600,4653,447.5876401,306.858842,1277,459,2809
29095000700,4056,437.2782293,307.8602797,1232,504,1830
29095000800,4334,499.2855153,337.9302298,1293,738,1713
29095000900,3005,357.5550703,233.9325648,1136,545,1026
29095001000,2910,413.9256783,266.9988931,862,1210,472
29095001100,2378,467.3813255,266.8441727,1660,309,254
29095001800,3161,375.837404,206.5807842,806,980,1046
29095001900,3380,297.2830762,178.2121147,778,584,1859
29095002000,2315,183.5785225,131.6602056,586,153,1611
29095002100,4470,382.446591,243.0913957,946,1111,2273
29095002200,3224,275.0097857,176.6005534,724,756,1682
29095002300,2149,282.6820773,127.0839755,491,732,1021
29095003400,3288,426.6799403,165.5993244,684,1011,1699
29095003700,1049,225.9337734,113.9013816,132,675,211
29095003800,1538,392.8516845,189.5163743,164,1187,91
29095004300,2794,735.8495225,417.907793,1630,712,199
29095004400,1495,423.4107686,250.1508221,1175,84,131
29095004600,2689,898.4930225,494.2867703,1871,326,327
29095005100,1620,448.9573228,269.5064005,1112,208,131
29095005200,1038,242.8752482,108.9155114,204,725,52
29095005300,1437,395.9661366,193.2956864,422,798,136
29095005400,826,192.0106172,86.94880923,85,619,93
29095005500,927,231.5542524,104.330707,100,677,112
29095005601,1726,401.2231543,181.6872211,185,1234,226
29095005602,1420,358.6450376,158.2339105,113,1040,192
29095005700,2285,536.6361207,247.1155206,106,1803,252
29095005801,2172,437.3226131,246.2798188,177,1657,204
29095006000,1478,355.9376884,170.6745843,101,1138,179
29095006100,2695,659.1926802,301.5344607,232,2118,246
29095006300,1737,410.7358615,202.1146627,362,1086,172
29095006500,1632,559.2472474,305.2716718,1192,195,147
29095006600,1833,561.1866609,340.8022296,1431,125,110
29095006700,1807,561.6222738,337.0372962,1319,240,157
29095006900,1338,372.1032077,237.8280989,1052,109,88
29095007100,2993,905.1831439,560.8898284,2466,133,235
29095007200,2044,694.5989638,498.1120476,1826,32,97
29095007301,1818,430.9215725,299.2729906,1391,64,119
29095007302,1377,398.844428,274.2623041,1125,43,93
29095007400,4397,1174.494312,767.3655519,3619,93,273
29095007500,2727,598.4286449,290.3732528,1447,882,202
29095007600,2294,545.1436164,266.5596949,337,1642,205
29095007700,1665,401.2610026,176.6346782,232,1286,78
29095007802,2258,564.8120718,262.7073318,175,1855,128
29095007900,3498,929.4905963,422.3043516,252,2893,220
29095008000,3022,892.3976341,434.4380011,238,2490,190
29095008100,2113,614.3808768,298.3875231,615,1224,139
29095008200,2913,1069.993683,642.9780925,2413,125,175
29095008300,2337,893.2225301,667.4687594,2057,34,107
29095008400,2800,1038.071055,779.8093439,2524,42,96
29095008500,3573,1363.83228,957.1184711,3237,28,111
29095008600,5385,2088.878954,1381.319286,4664,274,251
29095008700,2558,690.5880019,341.5042179,430,1854,131
29095008800,3430,894.1297328,401.7437872,326,2766,241
29095008900,1950,481.6934444,265.9986449,108,1680,99
29095009000,4219,1283.818175,616.1389659,608,3161,217
29095009100,3735,1392.900668,868.3438224,3029,332,170
29095009200,2890,1074.509095,714.8641155,2522,74,133
29095009300,2394,831.0498148,553.3698394,1995,101,207
29095009400,4391,1331.312258,851.4723869,2608,1102,343
29095009500,3160,600.3940674,311.5675553,722,2032,193
29095009600,1555,277.9711123,143.9665514,352,982,144
29095009700,1592,308.1887681,155.1233191,373,998,90
29095009800,3484,991.1666667,667.8333338,2293,691,289
29095009900,2130,678.0842648,506.7056609,1641,174,142
29095010001,1801,572.0655145,438.0539809,1361,252,88
29095010002,3575,933.7024293,584.5773216,1587,1361,380
29095010103,2417,612.8717728,384.4927734,967,1134,186
29095010105,3510,1027.451238,870.9999638,2795,377,145
29095010201,1836,358.9246735,225.8170436,747,792,177
29095010203,4042,977.1056091,850.8507441,2403,1050,282
29095010204,4379,868.3767219,776.2739567,2297,1266,325
29095010500,4803,1067.449205,602.8412391,1544,2377,677
29095010600,3044,677.554912,511.5113195,1684,853,321
29095010702,3811,760.055555,558.6692042,1488,1805,356
29095011001,2451,270.4581279,275.8138894,1764,156,424
29095011002,2479,286.2913654,292.5166961,1683,235,420
29095011100,3168,587.0283335,629.6648612,2520,124,319
29095011200,3366,484.0706928,556.5892746,2537,211,365
29095011300,4810,728.6037641,851.9007703,3553,404,512
29095011405,2886,314.0175601,306.3098277,1499,694,480
29095011406,6000,1049.279971,1196.601939,4580,362,605
29095011407,3333,606.1818834,630.0835716,2406,320,364
29095011408,1546,284.6755848,294.0788083,1114,255,113
29095011409,1581,259.7940527,272.8987328,1214,113,129
29095011410,2553,364.3163987,393.5069026,2019,97,207
29095011501,4271,625.4348715,633.606327,2929,383,625
29095011502,1752,259.0343029,264.3693594,1075,277,193
29095011601,2759,417.0319782,402.2764492,2064,274,283
29095011602,2333,357.6528665,363.9931069,1855,175,171
29095011701,2113,279.3279681,262.255213,1399,245,436
29095011702,2257,343.1459141,331.1505119,1656,168,323
29095011800,5477,695.4790679,661.9007346,3644,488,1037
29095011900,3771,620.7081139,594.8601859,2589,307,778
29095012000,3647,623.9196737,613.3955728,2316,419,729
29095012100,5871,1030.799199,1065.155491,3949,577,979
29095012200,6548,1172.086271,1220.953285,4907,497,732
29095012300,3505,656.07819,709.4523989,2810,151,326
29095012400,4216,808.7581724,797.2884034,2826,605,522
29095012501,3727,776.4279417,617.9374709,1918,1252,347
29095012502,3056,692.8317276,602.656378,1856,758,224
29095012600,4803,1028.431787,814.5199249,2685,1310,489
29095012702,4214,1048.363255,886.4043413,2321,1410,209
29095012703,2307,530.1578051,508.2583246,1449,579,162
29095012802,3772,916.8489642,754.6892415,1956,1407,192
29095012803,2142,490.4551002,400.98454,1281,549,140
29095012804,6120,1481.577935,1060.105802,2745,2494,536
29095012903,3577,826.5364288,471.054373,1021,1974,349
29095012904,2645,710.6832668,452.5158857,853,1354,233
29095012906,4562,1012.35748,593.0951118,1421,2373,373
29095013003,4842,1103.083185,692.2888358,1459,2578,513
29095013100,2983,696.4165854,433.6060485,1031,1512,322
29095013203,4102,747.4190482,421.9837547,1050,2301,572
29095013208,3022,587.572697,368.8491988,581,2104,207
29095013210,2564,477.9927715,279.4315221,588,1681,212
29095013301,4165,690.9938923,617.094172,2409,718,749
29095013307,2659,650.3073707,443.8047178,694,1515,238
29095013309,5040,1150.895736,788.7827714,1611,2683,386
29095013313,5162,1124.504045,901.6583222,2372,1733,775
29095013401,2802,500.0818842,430.2490941,1032,995,610
29095013405,1981,437.2118055,403.8409724,1167,530,117
29095013407,2574,796.1009703,760.2299859,2114,213,89
29095013410,4037,703.7883251,484.7826854,2181,1091,452
29095013416,2344,545.6509709,405.1837945,714,1266,247
29095013417,2918,690.5618955,567.775793,1750,715,263
29095013418,2742,706.8009719,685.8537599,2018,353,149
29095013502,6065,1337.505633,1613.523258,5192,292,283
29095013504,3488,793.5506712,851.8108733,2683,372,192
29095013606,1445,358.8012082,411.9825748,1294,56,46
29095013612,7107,1868.160832,1911.414379,5567,716,271
29095013613,2588,613.1054483,663.5601076,2324,63,89
29095013614,1456,356.7449371,400.9342736,1169,107,50
29095013615,2052,507.0708016,577.7798844,1636,173,98
29095013705,1408,277.2648215,258.1194198,1134,79,91
29095013706,4211,819.9195433,770.6680601,2947,570,447
29095013707,2975,636.4981203,668.5615656,2269,254,172
29095013708,3279,843.5612191,926.328782,2776,167,163
29095013801,5724,1330.94624,1382.755176,4287,565,435
29095013803,5267,1255.459413,1302.517115,4195,428,300
29095013804,3122,750.0883807,784.4341573,2437,274,153
29095013902,1776,341.1486156,551.6297824,1578,21,58
29095013904,7294,1825.068101,1933.864528,5793,556,398
29095013916,6323,1489.47125,1578.464225,5157,433,320
29095013917,3837,798.3709751,1164.443439,3506,40,114
29095013918,3264,857.4966687,1126.549391,2987,33,61
29095014002,1797,439.0425074,605.0765988,1601,7,39
29095014004,3141,506.2839517,727.5569555,2713,82,155
29095014005,5284,886.2839259,1303.988024,4683,67,213
29095014006,6614,1149.728054,1538.003648,5677,139,417
29095014008,3931,672.7154421,838.5832676,3315,119,272
29095014009,3097,493.476002,649.7925565,2580,130,239
29095014111,4054,802.6538782,945.0006565,3090,446,216
29095014112,1801,330.1337301,395.5226268,1489,103,79
29095014120,3079,748.8175368,871.772933,2560,174,157
29095014121,7003,1289.029932,1450.645537,5585,408,508
29095014122,2455,511.478356,566.6130063,1971,187,154
29095014123,3140,584.7989298,599.6421807,2351,305,259
29095014124,3550,663.0713933,706.3092396,2739,268,229
29095014125,2074,481.1768422,571.7558506,1745,99,83
29095014126,5497,1182.269744,1323.324412,4212,421,412
29095014127,1884,343.8104573,358.9849895,1536,113,115
29095014128,5238,982.5301713,1027.52519,3933,570,380
29095014203,4155,1029.687201,1123.427197,3314,310,194
29095014205,3725,788.769453,802.9524409,2391,883,172
29095014206,5093,1132.018533,1306.950209,4398,213,197
29095014300,5483,1305.704327,1090.162063,3214,1523,333
29095014400,2951,733.1310429,598.8215853,1516,1015,133
29095014501,4106,838.9331637,857.5803108,3018,454,358
29095014503,1287,232.0894184,259.3169161,1078,88,50
29095014504,3538,699.3578312,792.1217622,2885,196,245
29095014601,5469,1108.076305,1141.089537,4121,238,762
29095014603,3685,688.3268618,684.0878743,2833,158,378
29095014604,4984,898.7280668,918.3965498,3426,672,572
29095014701,3903,803.9782305,788.91422,2597,607,447
29095014702,5143,1261.475209,1350.716681,4229,238,319
29095014804,3328,752.071774,947.5990257,2814,108,89
29095014806,4576,991.9552274,1101.907603,3645,344,296
29095014902,1950,305.5836648,461.598737,1724,12,75
29095014903,5636,1110.761605,1612.115484,5113,53,194
29095014904,6713,1535.799129,1773.314116,5343,450,486
29095014905,5184,1160.092744,1386.588555,4408,196,259
29095015000,3653,705.1021046,1089.990602,3262,43,140
29095015100,5935,1011.219256,1289.478878,4724,214,470
29095015200,2646,746.6110921,456.5459561,2004,232,160
29095015300,3010,769.0121263,473.7080466,1192,526,1494
29095015401,2138,288.0395079,148.7479906,385,1198,477
29095015402,1341,175.0739565,93.24846312,254,820,85
29095015500,1328,116.9316704,80.1892599,713,88,586
29095015600,2483,269.5351367,281.1399404,1363,238,844
29095015701,2219,449.7497329,274.2592404,1738,175,169
29095015702,3191,610.175051,371.9896769,2149,474,306
29095015800,1932,539.1930794,348.2504114,1588,104,118
29095015900,1955,397.9796612,242.3636838,1081,432,287
29095016000,1756,274.3319764,151.1482867,283,1024,424
29095016100,1906,355.7428124,232.8617613,218,1501,129
29095016200,2052,491.4206481,180.0177026,714,1037,147
29095016300,2082,444.121997,274.629139,726,902,385
29095016400,1741,256.9411084,115.9008161,410,804,523
29095016500,1868,384.6605098,203.6432255,187,1264,416
29095016600,1619,381.3403351,204.010899,159,1197,203
29095016700,3366,1071.853586,619.8168444,2287,462,379
29095016801,2178,640.4866552,383.3993821,1482,336,216
29095016802,1338,461.8748666,259.0657919,1041,32,237
29095016900,2361,592.2230495,281.0910535,352,1695,223
29095017000,2510,381.05752,298.3448648,1315,641,454
29095017100,3814,1056.956448,478.7462487,240,3071,369
29095017200,4573,972.1084452,634.8799505,1485,2409,417
29095017300,3354,937.2259983,841.7654352,2426,500,182
29095017400,2807,546.5610359,322.7403737,811,1594,142
29095017500,2012,475.466967,279.4386454,880,833,201
29095017600,5118,1423.990333,1165.671856,2538,1962,332
29095017700,5365,975.8152662,1195.908883,4295,222,406
29095017800,3809,996.8204558,544.660266,2189,861,417
29095017900,5099,1150.762751,1064.484103,3686,621,288
29095018000,3599,722.2827806,727.8011721,2884,237,280
29095018101,5159,1263.118018,1465.121974,4244,407,216
29095018102,3148,647.4197153,713.9148538,2291,404,178
29095018200,4166,854.9657701,873.2087662,3101,554,207
29095018500,4559,1050.02558,1153.033189,3639,354,195
29095018600,3000,790.0671848,846.1947448,2457,152,174
29095019301,4070,949.4444442,995.5000005,3066,383,327
29095019302,3168,732.986408,786.9074271,2573,256,145
29095980101,3,0.7837257,0.35181491,0,1,1
29095980802,1,0.15868893,0.1568568,0,0,0
29095988300,97,21.54919664,23.66771925,93,4,4
29095989100,18,4.04944711,4.72893308,16,0,0
29095989200,7,1.52410735,1.87969815,3,0,1
29099700107,3731,706.7864482,963.3688054,3409,31,62
29099700111,3671,737.4317225,923.4455945,3325,15,98
29099700113,4495,1004.193,1265.385164,4102,29,121
29099700114,4304,929.9313944,1223.4555,3894,59,72
29099700115,4016,839.8795785,1037.85117,3599,20,122
29099700116,3084,568.7545616,731.1592971,2777,38,100
29099700117,6963,1380.626524,1801.757136,6268,57,191
29099700118,6219,1235.718022,1519.47949,5480,90,214
29099700119,2116,432.0320904,554.2629159,1862,8,63
29099700120,6096,1167.238347,1581.680564,5488,158,154
29099700121,3887,823.7801587,1030.506917,3482,23,112
29099700122,4087,848.4078386,1080.505147,3694,40,119
29099700123,2893,592.3802157,777.4512398,2662,15,89
29099700124,4831,966.8638295,1315.658664,4414,13,105
29099700206,5692,973.2270575,1319.47411,5115,54,157
29099700207,3559,611.3489368,855.9800716,3270,9,63
29099700208,6784,1268.04538,1565.502241,5782,146,278
29099700209,3760,639.6051073,817.0253293,3335,32,123
29099700210,3853,733.7687462,939.8740033,3238,64,266
29099700211,5161,954.3061674,1257.495735,4598,84,172
29099700212,2927,493.1679314,578.7307063,2486,58,144
29099700213,3122,527.9236019,632.058617,2808,35,80
29099700302,5581,1053.923439,1408.723984,5076,27,136
29099700303,4652,942.4809127,1198.150552,4200,32,140
29099700305,3814,711.192702,941.6588392,3411,20,113
29099700306,3572,669.4442695,891.53331,3265,19,99
29099700401,4769,912.1837209,1324.484592,4453,10,93
29099700402,6552,1498.557247,1999.732554,6053,36,157
29099700502,6120,1066.097818,1575.049099,5621,61,102
29099700503,3234,561.9167914,781.7399143,2935,10,53
29099700504,4278,796.4845394,1130.634134,3972,9,72
29099700603,6420,1230.424725,1628.499506,5904,28,162
29099700604,6331,1193.486387,1705.30125,5848,24,108
29099700605,6429,1147.105543,1629.740492,5775,90,142
29099700606,2946,483.7710425,645.8280445,2626,48,76
29099700607,2779,492.2471337,662.4873505,2545,30,54
29099700700,4605,850.6162186,1076.863066,4080,158,55
29099700801,5795,1038.528227,1356.350365,5204,110,146
29099700802,5577,973.4053872,1348.383657,4956,119,122
29099700900,5810,1094.082059,1435.592156,5066,213,126
29099701001,4753,834.2622758,1216.018182,4343,21,98
29099701002,4072,746.9279739,1119.035672,3744,10,78
29099701101,4506,860.3503004,1271.05353,4190,5,75
29099701102,5285,992.8748091,1515.872137,4871,15,64
29099701200,5941,984.4860395,1306.097014,5456,48,81
29099701300,3400,586.6239847,804.8398734,3092,35,46
29099701401,4093,767.6604385,1139.045097,3853,26,55
29099701403,3871,707.0175723,1065.893051,3646,8,63
29099701404,6303,1273.878063,1788.282751,5734,54,131
29103960100,1808,326.58064,542.8200388,1728,8,10
29103960200,1936,323.5304714,510.4021842,1845,12,13
29111970100,3745,467.7785159,700.2097136,3468,76,73
29111970200,2164,346.5853541,517.0742041,2013,50,20
29111970300,2346,422.762705,700.3984789,2229,5,61
29111970400,1777,322.9826008,505.5107901,1652,54,11
29125880100,2628,141.4791781,249.940931,2451,6,46
29125880298,2491,532.9627119,792.6076722,2303,11,46
29125880300,3313,616.1616272,1087.549596,3087,6,42
29129470100,1274,219.4442189,423.4496881,1220,0,15
29129470200,2264,337.4446704,601.1058676,2083,1,140
29137960100,3539,653.7151783,976.7734318,3100,123,99
29137960200,2550,468.5099986,747.4887791,2390,54,22
29137960300,2577,431.2192681,706.4600123,2466,4,38
29149480100,2896,542.4514222,911.9471073,2711,10,31
29149480200,3760,604.270013,999.63406,3475,11,60
29149480300,1979,392.7646201,667.9239356,1863,4,26
29153470101,2607,477.6066802,767.217867,2457,7,29
29153470102,1528,311.6096176,543.92437,1439,5,17
29153470200,4418,644.5611983,1116.888896,4139,7,63
29171960100,2617,365.9340616,640.0883932,2550,5,29
29171960200,2064,322.3301679,560.9224242,1925,7,83
29179380100,2659,388.1402262,618.6649524,2447,27,49
29179380200,3437,587.1272253,996.8727193,3243,9,50
29183310100,2064,536.7222227,697.4065409,1924,18,24
29183310201,6187,1170.623829,1237.336508,5134,447,225
29183310202,3602,841.1838915,1011.387281,2988,361,78
29183310301,4068,995.2288084,1136.91606,3621,126,109
29183310302,3980,961.4038579,975.236462,3315,260,141
29183310400,2035,493.1618227,477.0076603,1759,70,67
29183310501,3872,270.2915178,262.6908921,2852,264,548
29183310502,2467,284.3597378,275.6332123,1930,290,80
29183310601,3757,400.1635561,427.3295229,2940,232,337
29183310602,5680,1304.34045,1553.031832,5042,196,162
29183310700,5232,1003.0889,1069.4774,3984,467,492
29183310801,2487,532.4305744,562.5489609,2051,201,85
29183310802,5946,878.2742863,953.6870831,4897,397,271
29183310901,2375,479.5307719,498.5173971,1655,410,91
29183310902,5318,1167.857843,1270.136104,4104,335,548
29183310903,4051,894.79663,962.0660158,3233,388,137
29183311001,4271,645.4191398,716.4309949,3270,293,228
29183311003,3149,590.9686842,594.6799415,2256,444,194
29183311004,5736,792.7281266,829.8055135,4119,634,237
29183311103,6533,1507.549672,2090.086629,5911,139,131
29183311114,5253,1327.321792,1618.548044,4615,194,151
29183311122,7301,1739.349549,1979.850639,5804,648,282
29183311124,6907,1430.939296,1702.288087,5466,249,220
29183311132,3499,916.8773015,1161.944559,3160,72,78
29183311145,4388,1114.03589,1317.220371,3778,145,153
29183311146,4488,932.4246396,1055.042136,3619,249,158
29183311147,4031,1031.979653,1196.623595,3407,208,131
29183311148,4317,1144.809906,1360.612398,3827,122,160
29183311149,3835,928.5348601,1077.426982,3261,147,179
29183311150,4720,1203.614427,1360.242819,4039,153,177
29183311151,6413,1337.92105,1603.609746,5132,313,196
29183311152,4590,1081.322296,1350.322775,4085,114,84
29183311153,6886,1414.789469,1803.855399,5521,283,214
29183311154,5387,1238.722223,1503.166666,4638,158,159
29183311203,6154,1413.415168,1622.309025,5105,359,216
29183311211,5470,1336.078685,1510.165932,4340,446,163
29183311212,4243,975.1713919,1063.821045,3367,258,185
29183311221,3613,833.5821233,964.2831215,3081,158,103
29183311294,3826,937.2532319,1088.884756,3303,146,117
29183311296,4110,1180.407997,1345.029174,3621,136,106
29183311311,5880,1390.944444,1510.777778,4705,387,240
29183311312,7417,1651.435025,1917.164081,6331,333,302
29183311322,6787,1629.198532,1958.876088,5725,342,190
29183311331,4631,1119.925524,1339.187757,4050,171,172
29183311391,4831,1253.365659,1421.217915,4117,208,198
29183311422,6035,1430.6843,1691.188987,5129,283,220
29183311500,2205,420.477102,460.3492752,1759,46,318
29183311602,5980,1077.941097,1229.112811,5046,305,233
29183311603,2780,607.7135136,727.6064443,2329,160,114
29183311604,3164,698.3684729,856.1062159,2796,97,78
29183311712,4889,988.4444442,1185.555555,3895,242,336
29183311721,3765,875.8329743,1059.726382,3123,193,134
29183311732,7074,1660.512383,1971.134424,5982,262,308
29183311733,2272,518.6670265,626.4402852,1917,121,104
29183311734,4233,899.666668,1035.166667,3384,355,197
29183311735,5970,1372.952019,1650.707332,5059,292,222
29183311737,3461,776.15643,983.5864831,2851,166,101
29183311738,4465,715.4546817,903.7468501,3399,267,463
29183311739,4551,1074.505605,1358.914117,3815,142,137
29183311740,2096,516.4297489,659.1292852,1902,38,40
29183311801,6250,1316.209678,1757.640077,5428,284,178
29183311802,6220,1208.206684,1477.433421,5328,228,246
29183311903,6030,1222.216947,1459.238451,5134,312,215
29183311904,6462,1348.838179,1745.139391,5398,348,218
29183311907,6223,1180.363144,1432.246032,5062,494,217
29183311908,4475,808.4361538,1105.999234,3820,182,172
29183311909,5174,1267.379563,1662.910639,4651,113,124
29183312001,3228,686.8515633,1054.579338,3015,38,74
29183312002,4221,783.6694815,1094.577371,3708,162,103
29183312003,6938,915.5245684,1396.32397,6209,190,239
29183312094,5765,879.2459352,1159.142119,4519,643,236
29183312095,6470,1164.989591,1574.027516,5363,501,229
29183312096,9026,857.6085441,1202.527543,7688,514,247
29183312192,6266,949.5683007,1395.516657,5439,218,225
29183312193,8915,1646.57179,2211.385061,7781,368,252
29183312194,3488,105.5166679,166.5244153,3180,103,54
29183312195,3318,164.8004797,265.0143078,2765,191,186
29183312204,5155,1381.235277,1981.330985,4862,27,89
29183312206,4721,928.3117869,1372.006089,4325,67,92
29183312207,4286,612.3474943,741.3601901,3314,206,407
29183312208,5118,730.8981642,981.5726081,4307,199,192
29183312209,4489,581.6440846,791.6682793,3836,206,149
29183312300,2730,718.5283593,867.4631916,2445,39,74
29183312400,5555,1156.704381,1345.669045,4615,321,266
29183980000,12,3.01599417,4.08215196,5,0,3
29185480100,3529,594.6733766,933.4298928,3308,7,59
29185480200,2712,528.5496674,895.7300631,2536,3,46
29185480300,3043,453.9087752,728.0402263,2799,16,73
29189210101,1400,351.4742664,249.9049482,449,863,25
29189210102,3961,866.676624,483.3540636,659,3049,71
29189210200,5585,969.8649158,507.8784463,513,4842,51
29189210300,2985,585.2334174,350.4096013,493,2324,52
29189210400,4142,1330.457019,661.5230331,195,3798,30
29189210501,3164,887.4971144,420.3025686,92,2938,65
29189210502,3305,835.1651602,376.2513014,125,3054,37
29189210600,6645,1702.559199,914.6123473,1066,5366,86
29189210702,5984,1391.529547,747.8361373,594,5048,118
29189210703,3550,991.1528963,530.5715176,515,2821,77
29189210704,3950,748.3333328,363.6666666,179,3595,47
29189210803,4898,1557.301492,966.7580434,1038,3592,52
29189210805,6080,1993.884262,993.8236837,594,5213,107
29189210806,6151,1938.83507,942.8199971,365,5490,85
29189210807,5760,1954.590222,1016.986488,480,4980,73
29189210808,3620,1245.894461,628.3274264,304,3117,40
29189210912,7155,2269.32812,1540.784468,2000,4662,130
29189210921,4072,1077.077479,705.522907,1243,2426,126
29189210923,5399,1294.945864,998.7658194,2276,2587,175
29189210924,4456,1288.551196,830.5006734,1148,2972,131
29189210925,5419,1378.67599,949.7917331,1742,3219,178
29189210926,2578,654.4555564,542.0843746,1173,1173,80
29189210927,4681,1710.243207,1158.679213,1437,2913,70
29189210928,4477,1627.185231,977.8433043,988,3165,78
29189211001,4302,1158.08285,783.215498,1445,2493,123
29189211002,3368,925.9060738,673.4511358,1410,1700,74
29189211101,7056,1585.003788,1191.190712,3109,3420,203
29189211102,5002,1406.821592,885.9090069,1220,3528,87
29189211201,5337,1167.202314,851.2572966,2200,2690,195
29189211202,3298,789.7022395,716.6216444,2255,783,84
29189211301,6432,1326.088994,1197.732199,3750,1965,239
29189211331,6067,1402.004114,1192.76379,3420,2005,168
29189211332,6293,1379.450616,1268.479066,3570,1847,382
29189211333,4918,1351.396484,1154.624226,2392,2024,127
29189211334,4258,975.339189,833.067338,2392,1470,129
29189211401,5325,1116.972245,975.6750234,2804,1890,294
29189211402,2274,465.4601738,319.1919819,778,1286,63
29189211500,2989,783.0958862,391.5936607,172,2591,94
29189211600,5855,1329.195126,854.5429934,1515,3765,187
29189211700,3828,1091.769448,712.0371236,1059,2497,74
29189211801,3553,930.4965778,485.7746104,322,3011,70
29189211802,3483,882.9713042,469.9096101,323,3015,47
29189211900,4495,853.6009113,387.826968,228,4053,72
29189212002,2866,625.8474601,294.515451,125,2613,43
29189212003,3441,832.1008247,376.9020584,224,3121,34
29189212004,3506,1059.18737,504.2170101,148,3266,13
29189212101,3467,771.9593247,378.3018548,187,3094,47
29189212102,2675,543.6484786,276.5788529,152,2424,30
29189212201,3792,1220.683662,586.4259921,123,3524,37
29189212202,2079,483.2846787,224.2733864,36,1955,6
29189212300,4623,1249.175137,662.8150729,677,3684,70
29189212400,2173,527.9314241,280.7382577,229,1839,49
29189212500,4599,1192.584449,708.8298604,769,3563,68
29189212600,4374,1184.522195,781.2069303,1318,2747,105
29189212701,3069,774.6313395,454.9854594,524,2320,86
29189212702,1881,451.9665338,274.7431401,432,1328,42
29189213102,377,92.4003447,72.45741603,252,55,25
29189213103,3278,800.9272326,752.1826472,1882,919,226
29189213104,1029,224.7165726,163.4230768,475,424,78
29189213202,7012,1508.911551,1407.630857,4405,828,305
29189213203,5014,1339.598728,1341.425194,3725,670,211
29189213204,3905,782.4508356,666.6302506,1921,999,450
29189213301,3429,621.5109992,481.6331328,1554,1321,255
29189213302,3726,692.5874015,497.399134,1489,1537,503
29189213401,4644,836.0126689,616.1391154,1664,1938,716
29189213402,1878,315.3788178,261.3873785,913,548,351
29189213500,5222,1011.263778,817.9114869,2672,1673,526
29189213600,3431,736.8935211,405.602806,477,2601,240
29189213701,836,179.0674976,109.193798,223,494,55
29189213702,3986,1105.480214,642.2136165,1135,2327,121
29189213800,4720,1375.092769,654.0603488,97,4416,58
29189213900,1437,375.1358848,168.2326465,22,1365,21
29189214100,1080,299.6831904,136.7110384,24,993,38
29189214200,2882,772.8552855,377.3092986,216,2492,63
29189214300,3714,869.5522259,520.5273943,1012,2188,339
29189214400,4789,962.5663143,852.5799614,2608,1209,672
29189214500,3173,725.8823787,617.9084244,1770,696,399
29189214601,3891,785.7562224,661.8940306,2124,1018,417
29189214602,4052,719.2540062,669.4739587,2256,875,577
29189214700,6721,1292.022885,1068.50392,3409,1718,1194
29189214800,5481,1138.65306,1000.64146,3326,1341,390
29189214901,3196,677.5930042,568.9251784,1812,869,203
29189214902,3241,595.6676702,485.5688974,1444,1007,525
29189215001,2840,532.8016561,424.2212531,1337,352,125
29189215003,4412,1396.762123,1163.600988,3355,434,132
29189215004,3427,888.9457161,684.1479326,1962,794,159
29189215005,5941,1544.480555,1201.258825,3553,985,182
29189215102,4979,1356.81615,1116.999104,3303,640,250
29189215103,2577,731.8792935,625.381162,1738,323,108
29189215105,2434,649.1409666,610.8844305,1799,168,122
29189215141,4229,1359.507969,1234.976787,3331,293,95
29189215143,2901,747.469589,724.9694837,2198,254,165
29189215144,5672,1611.816345,1418.48448,3882,768,203
29189215145,4914,1114.713317,914.0470538,2679,828,299
29189215146,2632,339.3082104,228.7495375,979,648,123
29189215201,6657,1766.981602,1674.513329,4738,694,266
29189215231,4751,1388.754447,1290.416641,3751,220,207
29189215233,5234,1499.778788,1374.771876,3676,500,205
29189215234,2071,404.3942208,469.361092,1704,149,92
29189215235,4612,1319.017131,1303.162352,3409,113,144
29189215236,3250,1053.996818,1053.900286,2805,65,72
29189215301,4689,1488.560236,1243.940636,3425,285,142
29189215302,3386,1053.820069,1028.324808,2671,108,89
29189215400,5507,1736.232185,1698.831507,4771,56,140
29189215500,5260,1722.519409,1239.727161,3605,450,174
29189215600,5042,1271.750677,721.1180204,1418,2254,287
29189215700,5681,1889.622719,988.5859432,1024,3948,264
29189215801,3943,1463.436938,1022.99556,2947,596,137
29189215802,1602,445.8888132,315.8705204,1082,378,58
29189215803,2430,724.3513136,492.081008,1621,363,112
29189215901,3337,1205.881058,657.7764277,1079,1941,103
29189215902,3161,1082.379608,543.2758629,501,2430,61
29189216000,1542,482.4992529,245.5233557,228,1190,52
29189216101,3337,939.8601016,551.0704556,1767,446,176
29189216102,2262,537.0839773,294.8176358,995,615,117
29189216201,3827,1374.149426,911.4446306,2933,464,145
29189216202,3950,1362.981976,943.1458115,2967,481,156
29189216300,7068,1545.350882,975.8809843,4775,576,387
29189216401,2762,899.6815885,636.7003851,2187,65,80
29189216402,3071,867.7935323,615.2219095,2211,95,138
29189216500,5279,1382.295242,1100.000497,3722,746,165
29189216600,2492,695.4422373,587.4408225,1975,114,78
29189216700,3539,1179.294613,848.1539463,2675,487,174
29189216800,3189,1106.004552,755.3245415,2566,208,120
29189216900,2333,652.7381407,424.5247543,1685,390,81
29189217000,4002,1152.567793,790.0644644,3088,406,178
29189217200,1899,499.0735216,363.5777236,1297,287,84
29189217300,3064,880.8857024,759.1868704,2397,204,126
29189217400,4915,1381.806108,1301.717694,4142,128,153
29189217500,5587,1692.311295,1869.409822,5010,58,111
29189217600,7577,2223.256517,2510.71597,6715,86,215
29189217701,5425,1455.248833,1702.46284,4419,119,163
29189217702,7813,2140.6436,2221.636374,6029,170,599
29189217802,7426,2062.729473,2151.693532,5969,187,224
29189217806,5595,1334.926748,1506.697292,4530,163,225
29189217807,6462,1768.536952,1879.3072,5375,259,201
29189217841,5280,1489.080377,1532.057979,3990,210,148
29189217851,3168,953.4476134,1035.080642,2706,59,75
29189217852,6729,1880.384013,2201.805309,5679,147,161
29189217853,5015,1250.297627,1297.943407,3481,158,129
29189217854,2290,684.2986405,768.9171956,1887,48,61
29189217921,4833,1241.636377,1498.785844,3953,109,157
29189217923,7103,1865.293267,1980.025399,5826,217,280
29189217931,6366,1627.527216,1741.044948,5280,195,257
29189217932,5144,1371.559828,1413.798211,3827,95,152
29189217941,6016,1627.947752,1678.233574,5068,159,192
29189217942,5402,1411.641107,1444.705232,4491,144,170
29189217943,3505,845.6257089,945.445656,2674,126,104
29189217944,5818,1524.629514,1676.207003,4582,133,153
29189218012,4955,1448.075577,1554.325334,4374,74,109
29189218013,5814,1625.031101,1607.054347,4822,176,284
29189218014,1573,490.4207091,464.9139867,1428,24,39
29189218015,2914,894.2753884,972.9720547,2539,22,72
29189218016,3991,715.8888893,665.4444446,2564,319,268
29189218102,3122,721.8857594,782.6840632,2557,180,88
29189218104,1793,393.3260926,377.9725874,1399,127,193
29189218105,3616,808.2373635,793.8411436,2999,153,118
29189218201,3274,986.0264607,860.3365849,2915,96,66
29189218300,4313,1363.146981,1166.434026,3760,208,120
29189218401,4151,1285.479619,1269.943847,3788,69,112
29189218402,5054,1621.245512,1464.683355,4575,57,120
29189218500,5064,1624.177217,1444.89448,4627,74,146
29189218600,2801,902.3130575,729.1516509,2165,383,108
29189218800,6176,1995.38889,1850.444445,5744,41,178
29189218901,3425,1049.006454,715.0953633,1992,1014,106
29189218902,2928,979.8268983,756.2827371,2117,471,135
29189219100,3950,1382.147905,968.2516396,3523,68,138
29189219200,2679,853.3015667,634.45682,2422,57,96
29189219300,2170,757.34884,558.3491641,1851,115,69
29189219400,6335,2105.888729,1761.020002,5829,70,149
29189219501,4764,1534.915533,1188.963587,4153,159,176
29189219502,2553,834.4870976,689.1661987,2393,21,53
29189219601,4176,1222.141998,1061.367683,3577,214,141
29189219602,2579,828.8870072,660.1994397,2210,92,89
29189219700,5887,1440.584947,1325.656119,4855,304,253
29189219801,3782,844.4562906,802.5851372,3245,81,158
29189219802,3757,903.3207867,858.754356,3128,243,113
29189219900,6101,1248.380022,1196.855905,4852,121,182
29189220001,5090,1122.644399,1073.320147,4498,98,130
29189220002,3199,747.5755079,711.4634114,2714,133,119
29189220101,3231,551.9498073,558.2546335,2743,94,156
29189220102,4503,745.7057696,711.98953,3616,142,131
29189220200,5704,781.574838,806.8891088,4417,425,370
29189220300,1763,311.367726,298.5194458,1268,274,86
29189220441,6024,1388.265618,1596.57528,5355,146,201
29189220442,4473,1110.403714,1225.119658,4057,73,116
29189220443,4132,983.5565572,1080.271675,3638,138,99
29189220445,4940,1280.653897,1613.287272,4516,37,95
29189220446,4414,1206.424487,1460.291796,4069,40,94
29189220447,3292,660.5861596,694.1822038,2872,131,108
29189220448,5197,1250.203383,1298.175478,4434,201,193
29189220449,5189,1374.722234,1524.450156,4662,97,153
29189220450,2832,736.284219,863.1461975,2576,28,53
29189220451,4075,1034.75812,1295.931297,3721,33,101
29189220452,3881,995.3109886,1198.418022,3513,47,91
29189220501,6421,1292.924941,1269.384121,5457,179,291
29189220503,2670,633.388156,637.8094414,2313,67,80
29189220504,3873,742.3720759,733.7634979,3013,318,176
29189220601,6746,1686.501685,1671.243941,5839,149,211
29189220602,5760,1236.550021,1270.556891,4996,135,159
29189220701,3329,782.4847298,778.1567098,2938,58,89
29189220702,3867,977.221434,1003.548985,3483,24,118
29189220703,2832,728.6493999,737.9706385,2544,31,110
29189220801,5657,1534.581191,1467.14492,4894,246,187
29189220802,5073,1385.700556,1355.161608,4441,147,145
29189220803,4897,1546.863686,1541.580552,4459,33,132
29189221000,3323,835.8225036,696.5486271,2165,752,113
29189221100,1847,583.6858047,533.5333994,1679,26,47
29189221201,3875,1032.189291,1235.991374,3524,4,71
29189221202,6219,1641.696332,1901.620321,5598,53,160
29189221332,4642,1176.894181,1300.172851,4180,63,97
29189221335,5855,1669.842069,1908.107577,5230,148,127
29189221336,3781,994.7390954,1097.937369,3376,51,95
29189221337,3823,986.4323729,1056.328599,3376,48,101
29189221338,3051,619.3830486,647.1528276,2326,362,103
29189221339,3739,1024.420502,1182.010799,3401,43,94
29189221421,7476,1886.491638,2251.958094,6664,67,170
29189221423,3989,1092.319521,1294.084179,3645,24,102
29189221424,4912,1178.941522,1368.497336,4470,29,83
29189221425,5688,1399.150781,1633.336134,5036,85,123
29189221426,2944,700.8780131,806.2525081,2655,14,87
29189221502,7476,1764.324301,2190.07859,6836,57,186
29189221503,7682,1381.000001,1878.000002,6394,678,275
29189221506,5003,1267.03896,1483.701468,4295,78,153
29189221621,4512,1135.504972,1516.745583,4101,49,133
29189221624,3369,870.1703743,1030.182924,2786,45,126
29189221625,7131,1777.505832,2043.838816,5887,144,286
29189221626,5953,1595.141477,1949.762589,5097,99,178
29189221627,6677,1659.38484,2087.457429,5398,125,223
29189221629,5600,1349.560066,1666.733511,4256,67,169
29189221630,2227,632.3271332,666.6094417,1693,96,75
29189221631,5721,1237.494879,1360.204066,3629,168,437
29189221800,3098,724.274851,346.4765409,305,2479,160
29189221900,3871,1192.066386,1030.451373,3442,90,113
29189222000,3687,912.9787431,1109.41959,3426,38,67
29189222100,5298,1294.99971,1635.327115,4637,83,164
29197470100,1882,313.1126268,512.5171797,1802,0,29
29197470200,2150,335.1832367,485.8310478,2076,0,18
29199480100,2833,414.5961259,658.9914203,2761,7,18
29199480200,1883,268.4233939,450.8198912,1789,5,17
29203470100,2880,608.9309616,948.7907131,2703,4,46
29203470200,4151,756.6245939,1242.542621,3803,3,95
29205450100,1802,323.3758486,549.894696,1679,15,44
29205450200,2542,431.2920731,707.5153968,2424,4,40
29205450300,1759,254.3992717,444.8203818,1688,5,33
29211480100,1879,314.1902906,539.1409964,1753,6,86
29211480200,1281,188.6563364,335.5563562,1212,4,28
29211480300,2839,357.5422623,522.2470923,1715,198,940
29227960100,1973,380.964789,601.5096506,1897,0,25
29510101100,2569,545.2190251,489.0935547,1899,164,175
29510101200,3197,812.3840797,719.5490967,2335,189,136
29510101300,4150,1109.642064,877.9517836,3062,515,272
29510101400,2704,591.268095,407.338734,1388,904,169
29510101500,2849,419.3440014,327.4908184,1454,962,234
29510101800,2829,510.386263,361.2311407,1307,1004,284
29510102100,2737,731.235272,617.7693972,2190,280,94
29510102200,5967,1839.421919,1489.846538,5287,180,228
29510102300,1814,438.538469,374.5902429,1341,103,109
29510102400,2240,564.8228406,407.7716847,1564,310,159
29510102500,1842,509.2443091,404.2185157,1427,195,85
29510103100,3331,987.4050437,810.943537,2597,345,148
29510103400,1778,548.9391677,420.1275851,1543,72,70
29510103600,1250,369.6061685,284.6022349,1020,65,46
29510103700,2507,743.5996461,575.9293921,2116,129,93
29510103800,3823,1195.527136,963.8966595,3283,179,165
29510104200,3406,1004.279307,730.9509928,2846,162,128
29510104500,2520,717.4521765,496.6675088,1802,240,130
29510105198,3960,1092.443992,627.9015753,2237,397,170
29510105200,2647,795.7290163,414.2316305,1085,1118,91
29510105300,2211,615.3754161,308.4669968,265,1770,48
29510105400,2413,509.2226697,251.2379267,146,1764,428
29510105500,2546,689.5007307,334.3430803,134,2284,34
29510106100,1744,457.5262403,223.7401966,38,1631,24
29510106200,1260,345.0668189,162.665626,6,1219,3
29510106300,1480,387.8818288,174.1963728,31,1395,26
29510106400,1650,454.7176234,205.1776152,33,1555,17
29510106500,2687,632.263868,287.797313,178,2399,13
29510106600,1250,335.9381946,163.9731354,39,1143,12
29510106700,2502,732.4145868,343.0157623,45,2324,28
29510107200,974,296.7648877,132.5968078,22,920,18
29510107300,3968,1254.176217,597.53911,44,3772,30
29510107400,1783,550.624638,250.4612758,16,1670,27
29510107500,2040,612.5549843,269.7726609,60,1910,28
29510107600,1905,514.0004608,253.8888799,25,1832,13
29510108100,2535,866.3323549,409.6483225,73,2355,20
29510108200,2260,720.2061207,351.0319206,70,2119,17
29510108300,1830,487.8876428,233.5028905,54,1705,13
29510109600,2496,734.5589813,346.3759747,33,2374,18
29510109700,1644,416.3573395,198.2716764,89,1482,12
29510110100,2264,640.2480866,300.4744776,27,2128,34
29510110200,1922,552.0704236,243.8723666,24,1824,17
29510110300,1904,495.051231,229.569468,24,1819,13
29510110400,1960,509.8978848,250.0045661,47,1834,30
29510110500,1002,288.5243362,128.8769415,32,943,9
29510111100,1874,463.3143488,225.0141177,64,1718,32
29510111200,1014,304.0905635,143.3760786,137,845,16
29510111300,1199,320.521871,151.5743485,22,1151,3
29510112100,4455,1351.79258,796.5396057,2665,960,242
29510112200,1434,359.6617679,177.4064569,178,1138,47
29510112300,1787,456.2916894,222.7969001,70,1620,30
29510112400,4492,1319.21684,788.098581,2888,556,250
29510113500,2352,639.8778982,573.0788655,2155,40,70
29510114101,4201,1226.397236,846.4901247,2928,755,200
29510114102,4211,1354.866021,1081.577218,3744,132,105
29510114200,4557,1400.077294,997.4061833,3581,435,211
29510114300,5242,1633.751093,1179.685316,4464,309,229
29510115100,3940,769.6849596,520.3975032,2283,842,511
29510115200,2960,575.3301621,367.4484031,1212,1039,417
29510115300,5047,870.0555557,581.6111113,1915,1700,628
29510115400,3054,572.4310571,429.4862684,1687,707,373
29510115500,5460,931.4010269,545.2132455,1609,2769,719
29510115600,5091,870.3338482,509.5322586,1881,2317,535
29510115700,3460,527.0300057,305.8504885,839,1817,412
29510116100,3057,686.2849333,420.2170482,1487,756,362
29510116200,4175,1431.516055,828.3166812,2982,621,183
29510116301,2902,952.9612429,554.7031854,2044,412,167
29510116302,3007,398.7072592,231.021533,629,1296,391
29510116400,4536,839.0108649,425.8892371,1008,2586,552
29510116500,3813,1121.530913,637.7753721,1927,1275,236
29510117100,1546,545.0850516,324.793619,1122,237,61
29510117200,5460,1901.654858,1061.378903,3493,1347,264
29510117400,4188,1364.85354,795.2164813,2714,978,162
29510118100,1591,373.7081603,207.6283573,676,702,98
29510118600,4561,934.2616575,517.3659421,2561,957,214
29510119101,2649,613.21618,349.5489032,1286,829,94
29510119102,3418,904.6204049,549.1984581,2108,458,158
29510119200,1946,459.0333719,254.8535654,808,891,78
29510119300,6100,880.6516838,494.4183552,3129,1423,304
29510120200,1092,254.9271939,126.2449994,45,1000,9
29510121200,1787,393.0951289,187.8664266,42,1669,31
29510123100,3235,1002.710176,536.9440703,1205,1756,145
29510123200,2464,709.1242656,430.192571,1480,744,80
29510123300,2928,837.0929392,518.0515655,1861,798,85
29510124100,4191,732.7926501,378.0603988,911,2591,478
29510124200,3070,627.8593865,337.3760114,1048,1487,373
29510124300,3059,921.5241379,567.7346464,2004,693,175
29510124600,1712,309.4505201,167.9671377,491,927,171
29510125500,3810,848.6112603,508.8744051,1885,1389,212
29510125600,5832,1025.036998,623.7501827,2383,2733,290
29510125700,2852,571.3066432,281.6361911,97,2651,32
29510126600,2779,550.6701117,283.6844262,418,2214,57
29510126700,1074,249.0827142,122.3013808,162,834,23
29510126800,3371,997.3884109,717.1771517,2661,258,157
29510126900,3958,1092.794625,525.5821635,50,3785,32
29510127000,1221,233.7507823,122.8344062,207,954,30
29510127100,1683,407.327402,190.361583,81,1548,15
29510127200,4163,1106.955436,816.0322458,2888,703,205
29510127300,3729,1167.869078,619.7054752,1367,1913,127
29510127400,4705,1086.844846,598.0148716,1348,3056,89
29510127500,2461,558.3690983,278.0086256,553,1730,42
29510127600,3444,863.9706565,532.5496062,2389,759,145
29510127700,1868,480.030853,220.0895562,41,1750,7
29510127800,3961,707.5967155,380.1138792,1041,2570,123
29001,25314,4171.555557,5265.777778,21843,1279,661
29003,18135,3225.805963,4927.176731,16907,156,391
29007,24962,3524.752342,4961.166462,21648,1307,731
29009,34534,5163.944446,8563.05556,28655,106,3333
29011,11637,1969.586141,3488.155376,10462,32,266
29013,16042,2891.666668,4514.611111,14925,155,335
29015,19394,2927.179608,4442.679996,18031,76,310
29017,10567,1859.24021,3311.595402,9932,39,153
29019,183610,40833.19439,38641.07938,139955,18100,8052
29021,84793,14609.44445,18139.3889,70025,4423,5600
29023,42130,5975.772876,10035.04776,36033,2488,901
29027,44283,7620.66515,10767.36458,38771,1974,965
29029,42745,8545.714942,13176.02505,39109,258,1355
29031,81710,14434.57786,20688.99429,67937,6503,2234
29037,107824,21167.00001,27728.22223,91092,5018,5583
29039,14188,1799.636165,3012.970618,12996,64,261
29043,88842,15069.44652,23393.33718,79916,616,3012
29049,21184,3914.277779,5617.166669,19426,209,502
29051,77279,15531,20226.66667,62241,8123,2661
29053,17103,3119.577905,4454.733673,14850,924,322
29055,23056,3552.833333,5852.944447,21138,148,482
29059,17071,1581.966868,2699.033405,15843,46,320
29063,11029,1517.482643,2499.749464,9780,672,227
29065,14421,2339.621439,4016.573441,13307,70,271
29067,11578,1947.758533,3655.299576,10673,40,239
29069,28283,3659.38889,5755.722224,22068,3184,2042
29071,104682,18759.78468,27419.02149,96383,904,2205
29073,14794,2666.777779,4345.77778,13756,23,189
29077,298915,53940.37136,66630.5069,250745,10233,14392
29083,21946,3657.245435,5425.56602,20008,187,573
29089,10151,1801.671006,2443.012142,8931,542,208
29091,39750,5825.14553,10100.34769,36329,194,896
29097,122761,17801.03711,27156.3801,98581,2342,11377
29101,54013,8308.722226,11445.88889,45354,2369,2595
29105,36039,5257.776121,9267.418015,32848,268,955
29107,32984,6107.944447,8805.722225,29627,679,1047
29109,38001,5572.140871,9361.964277,33137,135,2987
29113,59574,9355.055558,14802.44445,53497,1097,1541
29115,11874,1850.009731,2809.679545,11136,67,289
29117,14557,2252.555556,3669.38889,13473,316,239
29119,23303,2467.854637,4551.181004,17093,435,2818
29121,15209,2766.166667,4373.111112,13855,309,276
29123,12626,1865.502527,3034.147887,11615,56,342
29127,28525,4723.833335,7247.166669,25119,1374,516
29131,24722,4036.000001,6871.500002,23089,117,466
29133,12577,1826.444445,2621.777778,8910,3083,223
29135,15473,2425.978251,3828.855657,13876,282,864
29139,11322,2003.500001,3133.722224,10518,106,229
29141,21006,3310.246453,5148.774352,19497,126,446
29143,16434,2737.611112,3887.277779,12703,2741,253
29145,58648,9327.868817,15248.34167,48383,532,3607
29147,21241,3009.40916,4260.37547,19465,363,427
29151,13274,2318.435092,3988.880182,12745,24,125
29155,15661,2204.222223,3063.666668,10280,4308,415
29157,18956,2988.791724,5079.9949,17748,102,383
29159,42980,6342.775747,8987.14301,35508,1390,4016
29161,44638,7196.555557,10202.88889,38383,1044,1259
29163,17587,2716.722223,4168.111112,15546,944,434
29165,106718,23543.00001,25092.27779,83516,8296,7161
29167,31519,4570.850502,7712.917964,29053,247,791
29169,53955,4676.732549,7242.220044,38553,6322,6079
29173,10355,1778.432717,2842.271866,9748,114,96
29175,24716,3839.425064,5655.023919,21535,1361,572
29177,23158,4283.666668,5914.944446,21109,233,580
29181,10679,1803.444445,3257.777779,9942,31,127
29186,18479,3415.000001,4788.111112,17270,320,269
29187,66922,9691.830307,14221.61136,59940,2658,1089
29195,23333,3658.909143,4787.361356,17995,1172,2830
29201,38059,5368.116177,7939.386534,30913,4502,935
29207,28672,4447.359489,7800.436385,26836,305,566
29209,31076,5288.994112,8899.385538,28574,85,782
29213,56066,8623.6677,13966.74694,47719,851,4329
29215,24487,3684.867264,6343.608828,22240,790,515
29217,19707,2874.786973,4714.635891,18097,110,426
29219,35532,5958.73835,8830.778938,31419,731,1400
29221,23514,3037.268584,5252.919668,21465,610,227
29223,10974,1933.055557,3353.555557,10165,50,155
29225,39085,5304.152764,8782.37613,36178,203,790
29229,18188,2404.73038,4559.147078,16813,118,370