GEOID20,DISTRICT
290019501001,4
290019501002,4
290019501003,4
290019502001,3
290019502002,3
290019502003,3
290019503001,3
290019503002,3
290019503003,3
290019503004,3
290019504001,4
290019504002,3
290019504003,3
290019505011,3
290019505012,3
290019505013,3
290019505021,3
290019505022,3
290019505023,4
290019509001,3
290019509002,3
290019509003,3
290019510001,3
290030101001,9
290030101002,9
290030101003,9
290030101004,9
290030102011,9
290030102012,9
290030102013,9
290030102021,9
290030102022,9
290030103001,9
290030103002,9
290030104001,9
290030104002,9
290030104003,9
290059501001,1
290059501002,1
290059501003,1
290059501004,1
290059502001,1
290059502002,1
290059502003,1
290079501001,43
290079501002,43
290079501003,43
290079502001,43
290079502002,43
290079502003,43
290079502004,43
290079502005,43
290079503001,43
290079503002,43
290079503003,43
290079504001,43
290079504002,43
290079504003,43
290079505001,43
290079505002,43
290079505003,43
290079505004,43
290079506001,43
290079506002,43
290079507001,43
290079507002,43
290079507003,43
290079507004,43
290099601011,158
290099601012,158
290099601021,158
290099601022,158
290099601023,158
290099602011,158
290099602012,158
290099602021,158
290099602022,158
290099603011,158
290099603012,158
290099603013,158
290099603014,158
290099603021,158
290099603022,158
290099604011,158
290099604012,158
290099604013,158
290099604021,158
290099604022,158
290099604023,158
290099605001,158
290099605002,158
290099605003,158
290099605004,158
290099605005,158
290099606001,158
290099606002,158
290119601001,127
290119601002,127
290119601003,127
290119602001,127
290119602002,127
290119602003,127
290119602004,127
290119603001,127
290119603002,127
290119603003,127
290119603004,127
290119603005,127
290130701001,126
290130701002,126
290130701003,126
290130702001,126
290130702002,126
290130702003,126
290130702004,56
290130703001,126
290130703002,126
290130703003,126
290130703004,126
290130704001,126
290130704002,126
290130704003,126
290154601001,57
290154601002,57
290154601003,57
290154602001,57
290154602002,57
290154603001,125
290154603002,125
290154603003,57
290154603004,57
290154604001,57
290154604002,57
290154604003,57
290154607011,125
290154607012,125
290154607021,125
290154608011,125
290154608012,125
290154608021,125
290154608022,125
290179501001,145
290179501002,145
290179501003,145
290179501004,145
290179502001,145
290179502002,145
290179502003,145
290179502004,145
290179503001,145
290179503002,145
290179503003,145
290190002001,45
290190002002,45
290190003001,45
290190003002,45
290190003003,45
290190005001,45
290190005002,45
290190005003,45
290190006001,45
290190006002,46
290190006003,46
290190006004,46
290190007001,46
290190007002,46
290190007003,46
290190009001,45
290190009002,45
290190010011,50
290190010012,45
290190010013,50
290190010014,50
290190010015,50
290190010031,44
290190010032,44
290190010041,50
290190010042,50
290190010043,50
290190011051,46
290190011052,46
290190011053,46
290190011054,46
290190011061,50
290190011062,46
290190011063,50
290190011064,50
290190011071,46
290190011072,46
290190011073,46
290190011081,46
290190011082,46
290190011083,46
290190011091,46
290190011092,50
290190011093,46
290190011094,46
290190011101,50
290190011102,50
290190011103,50
290190012011,46
290190012012,46
290190012013,47
290190012014,47
290190012021,46
290190012022,46
290190012023,46
290190012024,46
290190013001,47
290190013002,47
290190013003,47
290190014011,45
290190014012,47
290190014013,47
290190014021,47
290190014022,45
290190014023,47
290190014024,47
290190015031,44
290190015032,44
290190015033,45
290190015051,44
290190015052,44
290190015061,44
290190015062,44
290190015071,45
290190015072,45
290190015073,44
290190015081,45
290190015082,45
290190015083,45
290190015084,45
290190016021,44
290190016022,50
290190016023,44
290190016031,44
290190016032,44
290190016033,44
290190016041,44
290190016042,44
290190017021,50
290190017022,50
290190017023,50
290190017031,50
290190017032,50
290190017041,50
290190017042,50
290190018031,47
290190018032,47
290190018033,47
290190018061,47
290190018062,47
290190018063,47
290190018071,47
290190018072,47
290190019011,47
290190019012,47
290190019013,47
290190019031,44
290190019032,44
290190019033,44
290190019041,44
290190019042,44
290190019043,44
290190020001,44
290190020002,44
290190020003,44
290190020004,44
290190021001,45
290190021002,45
290190021003,45
290190022001,45
290190022002,45
290190022003,45
290190022004,45
290210001001,9
290210001002,9
290210001003,9
290210002001,9
290210002002,10
290210002003,10
290210003001,10
290210003002,10
290210004001,10
290210004002,10
290210005001,10
290210005002,10
290210005003,10
290210006001,10
290210006002,10
290210006003,10
290210007011,9
290210007012,9
290210007013,9
290210007014,9
290210007021,9
290210007022,9
290210007023,9
290210009001,10
290210009002,10
290210009003,10
290210009004,10
290210009005,10
290210010001,10
290210010002,10
290210010003,10
290210011001,10
290210011002,10
290210011003,10
290210012001,10
290210012002,10
290210015001,10
290210015002,11
290210015003,11
290210015004,10
290210015005,10
290210016001,11
290210016002,11
290210016003,11
290210017001,11
290210017002,11
290210018001,11
290210018002,11
290210018003,11
290210021001,11
290210021002,11
290210021003,11
290210022001,11
290210023001,11
290210023002,11
290210024001,11
290210024002,11
290210025001,11
290210025002,11
290210025003,11
290210027001,11
290210027002,9
290210028001,11
290210028002,11
290210028003,11
290210028004,11
290210028005,11
290210029001,11
290210029002,11
290210029003,11
290210030011,11
290210030012,10
290210030013,11
290210030021,10
290210030022,10
290239501011,153
290239501012,153
290239501021,153
290239501022,153
290239502011,153
290239502012,153
290239502013,153
290239502014,153
290239502021,152
290239502022,152
290239502023,152
290239502024,152
290239503011,152
290239503012,152
290239503013,152
290239503021,152
290239503022,152
290239503023,152
290239504001,153
290239504002,152
290239504003,152
290239504004,152
290239505001,153
290239505002,153
290239505003,153
290239506001,152
290239506002,153
290239506003,152
290239506004,152
290239507001,152
290239507002,152
290239507003,152
290239508001,152
290239508002,152
290239508003,152
290239509001,152
290239509002,152
290239509003,152
290239509004,152
290259501001,8
290259501002,8
290259501003,8
290259501004,8
290259502011,8
290259502012,8
290259502013,8
290259502021,8
290259502022,8
290259502023,8
290270701001,43
290270701002,43
290270701003,43
290270701004,43
290270702001,43
290270702002,49
290270702003,43
290270702004,43
290270703011,49
290270703012,49
290270703021,49
290270703022,49
290270703023,49
290270704001,49
290270704002,49
290270704003,49
290270704004,49
290270704005,49
290270705001,49
290270705002,43
290270705003,49
290270705004,43
290270706011,49
290270706012,49
290270706021,49
290270706022,49
290270706023,49
290270707011,49
290270707021,49
290270707022,49
290270708001,49
290270708002,49
290270708003,49
290299501011,124
290299501021,124
290299502011,124
290299502012,124
290299502013,124
290299502021,124
290299502022,124
290299502023,124
290299503011,123
290299503012,123
290299503021,124
290299504011,123
290299504021,123
290299504022,123
290299505001,123
290299505002,123
290299505003,123
290299506001,123
290299506002,123
290299506003,123
290299506004,124
290299507011,124
290299507012,124
290299507013,124
290299507014,124
290299507021,124
290299508011,123
290299508012,123
290299508013,123
290299508021,123
290299508022,123
290299508023,123
290299509001,123
290299509002,123
290299511011,124
290299511021,124
290299511022,124
290299512011,124
290299512012,124
290299512021,124
290318801001,146
290318801002,146
290318801003,146
290318801004,146
290318801005,146
290318802001,146
290318802002,146
290318802003,146
290318803001,146
290318803002,146
290318803003,146
290318803004,146
290318804011,146
290318804012,146
290318804013,146
290318804021,146
290318804022,146
290318805011,146
290318805012,146
290318805013,146
290318805021,146
290318805022,146
290318805023,146
290318806001,146
290318806002,147
290318806003,146
290318806004,146
290318806005,146
290318807001,147
290318807002,147
290318807003,147
290318808001,147
290318808002,147
290318808003,147
290318809001,147
290318809002,147
290318810001,147
290318810002,147
290318811001,147
290318811002,147
290318811003,147
290318812001,146
290318812002,147
290318812003,147
290318812004,147
290318812005,147
290318813011,147
290318813012,147
290318813021,147
290318813022,147
290318814001,147
290318814002,147
290318814003,147
290318815001,146
290318815002,147
290318815003,147
290318815004,147
290318816001,147
290318816002,147
290339601001,39
290339601002,39
290339601003,39
290339602001,39
290339602002,39
290339602003,39
290339602004,39
290339603001,39
290339603002,39
290339603003,39
290339603004,39
290359601001,153
290359601002,153
290359601003,153
290359602001,153
290359602002,153
290359602003,153
290370600011,56
290370600012,56
290370600013,56
290370600031,56
290370600032,56
290370600033,56
290370600041,56
290370600042,56
290370600043,56
290370600044,56
290370600045,56
290370601001,56
290370601002,56
290370601003,56
290370602021,56
290370602022,56
290370602023,56
290370602024,56
290370603051,55
290370603052,55
290370603053,55
290370603061,55
290370603062,55
290370603063,56
290370603064,55
290370603065,55
290370603071,37
290370603072,37
290370603073,37
290370603081,55
290370603082,55
290370603091,55
290370603092,37
290370603093,55
290370604011,55
290370604012,55
290370604021,55
290370604022,55
290370605001,33
290370605002,33
290370606011,33
290370606012,33
290370606013,33
290370606021,33
290370606022,33
290370606023,33
290370607001,55
290370607002,55
290370607003,33
290370608001,55
290370608002,33
290370608003,55
290370608004,55
290370609041,33
290370609042,33
290370609043,33
290370610011,55
290370610012,56
290370610013,56
290370610021,55
290370610022,55
290370610023,55
290370610024,55
290370610025,55
290370610026,55
290370611001,56
290370611002,56
290370611003,56
290370611004,56
290370612001,57
290370612002,57
290370612003,57
290370612004,57
290370613001,56
290370613002,56
290370613003,56
290370613004,56
290370613005,56
290370613006,56
290370614001,33
290370614002,33
290370614003,33
290370614004,33
290398701011,128
290398701012,128
290398701021,128
290398701022,128
290398701023,125
290398702001,125
290398702002,125
290398702003,125
290398702004,125
290398702005,125
290398703001,128
290398703002,127
290398703003,128
290398703004,128
290414701001,39
290414701002,39
290414702001,39
290414702002,39
290414702003,39
290414703001,39
290414703002,39
290414703003,39
290414703004,39
290430201011,138
290430201012,138
290430201021,139
290430201022,138
290430201023,139
290430201024,139
290430202011,139
290430202012,139
290430202021,139
290430202022,139
290430202023,139
290430202024,139
290430202041,139
290430202042,139
290430202043,139
290430202051,139
290430202052,139
290430202053,139
290430202061,139
290430202062,139
290430202071,139
290430202072,139
290430203021,140
290430203022,140
290430203023,140
290430203024,140
290430203031,139
290430203032,140
290430203033,140
290430203034,140
290430203041,140
290430203042,140
290430203071,140
290430203072,140
290430203081,140
290430203082,140
290430203091,140
290430203101,140
290430203102,140
290430203103,140
290430203104,140
290430204011,140
290430204012,140
290430204021,140
290430204022,140
290430204023,140
290430205011,139
290430205012,139
290430205013,139
290430205021,140
290430205022,140
290430205023,140
290459501001,4
290459501002,4
290459502001,4
290459502002,4
290459503001,4
290459503002,4
290459503003,4
290470202011,18
290470202012,18
290470202013,18
290470202014,18
290470202015,18
290470202021,18
290470202022,18
290470202023,15
290470202024,18
290470203001,18
290470203002,18
290470203003,18
290470203004,18
290470203005,15
290470204001,18
290470204002,18
290470204003,18
290470205001,18
290470205002,18
290470205003,18
290470205004,18
290470205005,18
290470205006,18
290470205007,18
290470206021,18
290470206022,18
290470206023,17
290470206024,17
290470206025,17
290470206031,17
290470206032,17
290470206033,18
290470206034,17
290470206041,17
290470206042,17
290470206043,17
290470206044,18
290470206045,18
290470208021,17
290470208022,17
290470208031,17
290470208032,17
290470208033,17
290470209011,18
290470209012,18
290470209013,18
290470209014,18
290470209015,18
290470209021,16
290470209022,18
290470210011,15
290470210012,15
290470210013,15
290470210014,15
290470210031,15
290470210032,15
290470210033,15
290470210041,15
290470210042,15
290470210043,15
290470210044,15
290470211011,15
290470211012,15
290470211013,15
290470211014,15
290470211015,15
290470211016,15
290470211031,15
290470211032,15
290470211033,15
290470211034,15
290470211041,15
290470211042,15
290470211043,15
290470211044,15
290470211051,15
290470211052,15
290470211053,15
290470211054,15
290470212041,15
290470212042,15
290470212043,15
290470212044,15
290470212081,16
290470212082,15
290470212083,15
290470212084,15
290470212085,15
290470212086,15
290470212091,16
290470212092,16
290470212093,16
290470212101,16
290470212102,16
290470212103,16
290470212104,16
290470212111,16
290470212112,16
290470212121,16
290470212122,16
290470212123,16
290470212131,16
290470212132,16
290470212141,16
290470213031,16
290470213032,16
290470213033,16
290470213071,17
290470213072,16
290470213073,17
290470213074,16
290470213075,17
290470213076,16
290470213091,16
290470213092,16
290470213093,16
290470213111,16
290470213112,38
290470213121,16
290470213122,16
290470213123,16
290470213131,16
290470213132,16
290470213133,16
290470213134,16
290470213141,12
290470213142,12
290470213143,12
290470213144,12
290470214011,38
290470214012,38
290470214013,38
290470214031,17
290470214032,17
290470214041,38
290470214042,17
290470214043,17
290470216011,17
290470216012,38
290470216013,17
290470216021,38
290470216022,38
290470217011,38
290470217012,38
290470217013,38
290470217031,38
290470217032,38
290470217033,38
290470217041,38
290470217042,38
290470217043,38
290470218061,38
290470218062,8
290470218063,12
290470218071,38
290470218072,38
290470218081,38
290470218082,38
290470218083,38
290470218091,12
290470218092,12
290470218093,8
290470218101,38
290470218102,38
290470218111,38
290470218112,38
290470218121,12
290470218122,12
290470218123,12
290470219001,12
290470219002,12
290470219003,12
290470219004,12
290470220001,12
290470220002,12
290470220003,12
290470221001,18
290470221002,18
290470221003,18
290470221004,18
290470221005,18
290470221006,18
290470222001,17
290470222002,17
290470222003,17
290470223011,17
290470223012,17
290470223013,17
290470223021,17
290470223022,17
290470223023,17
290470223024,17
290499601001,8
290499601002,8
290499601003,8
290499601004,8
290499601005,8
290499602011,8
290499602012,8
290499602021,8
290499602022,8
290499602023,8
290499603001,8
290499603002,8
290499603003,8
290499603004,8
290499604001,8
290499604002,8
290499604003,8
290510103001,59
290510103002,60
290510103003,60
290510103004,60
290510104011,60
290510104012,59
290510104013,59
290510104021,59
290510104022,60
290510104023,60
290510105001,60
290510105002,60
290510105003,60
290510105004,60
290510106001,60
290510106002,60
290510106003,60
290510106004,60
290510107011,60
290510107012,59
290510107013,60
290510107014,59
290510107021,60
290510107022,60
290510107023,60
290510107024,60
290510108011,59
290510108012,59
290510108013,49
290510108014,49
290510108021,49
290510108022,60
290510108023,60
290510109011,60
290510109012,60
290510109013,49
290510109014,60
290510109021,60
290510109022,60
290510109023,60
290510201981,59
290510201982,59
290510201983,59
290510202001,59
290510202002,62
290510202003,62
290510203001,59
290510203002,59
290510203003,59
290510204001,59
290510204002,59
290510204003,59
290510205001,59
290510205002,59
290510206001,50
290510206002,50
290510206003,59
290510207001,60
290510207002,60
290510207003,60
290539501001,50
290539501002,48
290539502001,48
290539502002,47
290539503001,48
290539503002,48
290539503003,48
290539504001,48
290539504002,48
290539505001,48
290539505002,48
290539505003,48
290539505004,48
290539505005,48
290554501011,62
290554501012,120
290554501031,120
290554501032,120
290554501041,120
290554501042,120
290554502001,120
290554502002,120
290554502003,120
290554502004,120
290554503011,120
290554503012,120
290554503021,120
290554503022,120
290554503023,120
290554503024,120
290554504011,120
290554504012,120
290554504021,120
290554504022,120
290554504023,120
290574801001,127
290574801002,127
290574801003,127
290574801004,127
290574801005,127
290574802001,127
290574802002,127
290574802003,127
290574802004,127
290594801001,129
290594801002,129
290594801003,129
290594801004,129
290594802001,129
290594802002,129
290594802003,129
290594802004,129
290594802005,129
290594803011,129
290594803012,129
290594803013,129
290594803021,129
290594803022,129
290594803023,129
290614701001,2
290614701002,2
290614701003,2
290614702001,2
290614702002,2
290614702003,2
290614702004,2
290614702005,2
290630801011,2
290630801012,2
290630801021,2
290630801022,2
290630802001,2
290630802002,2
290630802003,2
290630802004,2
290630802005,2
290659601001,143
290659601002,143
290659601003,143
290659601004,143
290659602001,143
290659602002,143
290659602003,143
290659602004,143
290659603001,143
290659603002,143
290659603003,143
290659604001,143
290659604002,143
290659604003,143
290679501001,155
290679501002,155
290679501003,155
290679502001,155
290679502002,155
290679502003,155
290679502004,155
290679505001,155
290679505002,155
290679505003,155
290679505004,155
290693601001,152
290693601002,152
290693601003,152
290693602001,152
290693602002,152
290693602003,152
290693603001,152
290693603002,150
290693603003,152
290693603004,150
290693603005,150
290693604001,150
290693604002,150
290693604003,150
290693605001,150
290693605002,150
290693605003,150
290693606001,150
290693606002,150
290693606003,150
290693606004,150
290693607001,150
290693607002,150
290693607003,150
290693607004,150
290693608001,150
290693608002,150
290693609001,150
290693609002,150
290693609003,150
290693610001,150
290693610002,150
290693610003,150
290718001011,109
290718001021,109
290718001031,109
290718001041,109
290718002011,109
290718002012,109
290718002013,61
290718002014,61
290718002021,109
290718002022,61
290718002023,109
290718003011,61
290718003012,61
290718003021,61
290718003022,61
290718003023,61
290718003024,61
290718004011,61
290718004012,61
290718004013,61
290718004014,61
290718004015,61
290718004031,109
290718004032,109
290718004033,61
290718004041,61
290718004042,61
290718005011,119
290718005012,109
290718005013,119
290718005021,61
290718005022,61
290718005023,119
290718006031,109
290718006032,109
290718006033,109
290718006041,109
290718006042,109
290718006051,109
290718006052,109
290718006053,109
290718006061,109
290718006062,109
290718007021,110
290718007022,110
290718007031,109
290718007032,119
290718007033,119
290718007041,110
290718007042,110
290718008011,119
290718008012,119
290718008013,119
290718008014,119
290718008021,119
290718008022,119
290718009011,119
290718009012,119
290718009031,119
290718009032,119
290718009041,119
290718009042,119
290718010001,119
290718010002,119
290718010003,119
290718010004,119
290718011011,119
290718011012,119
290718011013,119
290718011014,119
290718011021,119
290718011022,119
290718011023,119
290739601001,61
290739601002,42
290739601003,61
290739602001,61
290739602002,61
290739603001,62
290739603002,61
290739603003,61
290739604001,62
290739604002,62
290739605001,62
290739605002,62
290739605003,62
290739605004,62
290759601001,2
290759601002,2
290759601003,2
290759602001,2
290759602002,2
290759602003,2
290759602004,2
290770001011,132
290770001021,132
290770001022,132
290770002001,132
290770002002,132
290770003001,132
290770003002,134
290770003003,134
290770003004,132
290770004001,134
290770004002,132
290770004003,134
290770004004,132
290770004005,134
290770004006,134
290770005011,132
290770005012,132
290770005021,132
290770005022,132
290770005023,132
290770005024,132
290770006001,132
290770006002,132
290770006003,132
290770006004,132
290770007001,132
290770007002,132
290770007003,132
290770007004,132
290770008001,132
290770008002,135
290770009001,132
290770009002,132
290770009003,135
290770009004,132
290770009005,135
290770010001,135
290770010002,135
290770010003,135
290770010004,135
290770011001,135
290770011002,135
290770011003,136
290770012001,134
290770012002,135
290770012003,135
290770012004,134
290770013011,135
290770013012,135
290770013013,135
290770013021,136
290770013022,136
290770013023,136
290770014011,134
290770014012,134
290770014021,134
290770014022,134
290770014023,134
290770015001,134
290770015002,134
290770015003,134
290770015004,134
290770015005,134
290770015006,134
290770017001,132
290770017002,132
290770017003,132
290770018001,132
290770018002,132
290770018003,132
290770019001,131
290770019002,131
290770022001,135
290770022002,131
290770022003,135
290770022004,135
290770023001,135
290770023002,135
290770023003,135
290770023004,135
290770024021,135
290770024022,135
290770024023,135
290770024024,135
290770025021,136
290770025022,135
290770025023,135
290770025024,135
290770026001,136
290770026002,136
290770026003,136
290770026004,135
290770027001,136
290770027002,136
290770027003,136
290770028001,136
290770028002,136
290770029001,134
290770029002,134
290770029003,134
290770029004,134
290770029005,134
290770030031,134
290770030032,133
290770030041,134
290770030042,134
290770030043,134
290770030044,134
290770030045,134
290770031001,133
290770031002,133
290770031003,133
290770031004,133
290770032001,132
290770032002,132
290770032003,132
290770033001,131
290770033002,131
290770033003,131
290770033004,131
290770036001,131
290770036002,131
290770037011,137
290770037012,136
290770037013,136
290770037021,137
290770037022,137
290770038011,136
290770038012,136
290770038013,136
290770038021,136
290770038022,135
290770038023,136
290770039001,136
290770039002,136
290770039003,136
290770040021,136
290770040022,136
290770040023,136
290770040031,136
290770040032,136
290770040041,136
290770040042,136
290770040051,136
290770040052,136
290770040053,136
290770041041,133
290770041042,133
290770041051,133
290770041052,133
290770041053,133
290770041054,133
290770041055,133
290770041061,133
290770041062,133
290770041071,134
290770041072,134
290770041073,134
290770041081,134
290770041082,134
290770041083,134
290770041091,134
290770041092,134
290770042011,133
290770042012,133
290770042013,133
290770042014,133
290770042015,133
290770042021,133
290770042022,133
290770042023,133
290770043031,131
290770043032,131
290770043041,131
290770043051,133
290770043052,133
290770043053,133
290770043061,133
290770043062,133
290770043063,133
290770044011,131
290770044012,131
290770044013,131
290770044014,131
290770044021,131
290770044022,131
290770044023,131
290770045001,131
290770045002,131
290770045003,137
290770046011,137
290770046012,137
290770046013,137
290770046021,137
290770046022,137
290770047001,137
290770047002,137
290770047003,137
290770047004,137
290770047005,137
290770048021,130
290770048022,130
290770048023,130
290770048031,130
290770048032,130
290770048033,130
290770048041,130
290770048042,130
290770048043,130
290770048051,130
290770048052,130
290770049001,130
290770049002,130
290770049003,130
290770049004,130
290770050011,130
290770050012,130
290770050021,130
290770050022,130
290770050023,130
290770050024,130
290770051001,131
290770051002,131
290770052011,131
290770052012,137
290770052021,131
290770052022,137
290770055001,131
290770055002,131
290770055003,131
290770055004,131
290770056001,131
290770056002,131
290770057001,135
290770057002,135
290770057003,135
290770057004,135
290770058011,134
290770058012,133
290770058021,133
290770058022,133
290770058023,133
290799601001,7
290799601002,7
290799601003,7
290799602001,7
290799602002,7
290799603001,7
290799603002,7
290799603003,7
290799604001,7
290799604002,7
290799604003,7
290799604004,7
290819501001,2
290819501002,2
290819501003,2
290819501004,2
290819502001,2
290819502002,2
290819502003,2
290819503001,2
290819503002,2
290819503003,2
290819503004,2
290839501001,57
290839501002,57
290839501003,57
290839502001,57
290839502002,57
290839502003,57
290839503001,57
290839503002,57
290839503003,57
290839504001,57
290839504002,57
290839504003,57
290839505001,57
290839505002,57
290839505003,57
290839505004,57
290839506001,57
290839506002,57
290839506003,57
290839506004,57
290839506005,57
290854701001,125
290854701002,125
290854701003,125
290854703001,125
290854703002,125
290854705011,125
290854705012,125
290854705021,125
290854705022,125
290879601001,1
290879601002,1
290879602001,1
290879602002,1
290879603001,1
290879603002,1
290899601001,48
290899601002,48
290899601003,48
290899602001,48
290899602002,47
290899602003,48
290899603001,48
290899603002,48
290899603003,48
290899603004,48
290910901011,154
290910901012,154
290910901021,154
290910901022,154
290910902001,142
290910902002,142
290910902003,142
290910903001,154
290910903002,154
290910903003,154
290910904001,154
290910904002,154
290910904003,154
290910904004,154
290910905001,154
290910905002,154
290910905003,154
290910905004,154
290910906001,154
290910906002,154
290910906003,154
290910906004,154
290910907001,154
290910907002,154
290910907003,154
290910907004,154
290910907005,154
290910907006,154
290910908011,154
290910908012,154
290910908013,154
290910908021,154
290910908022,154
290939501001,144
290939501002,144
290939502001,144
290939502002,144
290939503001,144
290939503002,144
290939503003,144
290939504001,144
290939504002,144
290950003001,19
290950003002,19
290950003003,19
290950006001,19
290950006002,19
290950006003,19
290950006004,19
290950007001,19
290950007002,19
290950007003,19
290950008001,19
290950008002,19
290950008003,19
290950008004,19
290950009001,19
290950009002,19
290950009003,19
290950009004,19
290950010001,19
290950010002,19
290950010003,19
290950011001,24
290950011002,24
290950018001,19
290950018002,19
290950018003,23
290950018004,23
290950019001,19
290950019002,23
290950019003,23
290950019004,19
290950020001,19
290950020002,23
290950021001,22
290950021002,22
290950021003,23
290950021004,23
290950021005,23
290950022001,23
290950022002,23
290950022003,23
290950023001,23
290950023002,23
290950034001,23
290950034002,23
290950034003,23
290950034004,23
290950037001,23
290950038001,23
290950038002,23
290950043001,24
290950043002,24
290950044001,24
290950046001,24
290950046002,24
290950046003,24
290950051001,24
290950051002,24
290950052001,23
290950053001,22
290950053002,22
290950054001,23
290950055001,22
290950056011,23
290950056012,23
290950056021,22
290950056022,22
290950057001,22
290950057002,22
290950058011,22
290950058012,22
290950058013,22
290950060001,22
290950061001,22
290950061002,22
290950061003,22
290950063001,22
290950063002,22
290950065001,24
290950065002,24
290950066001,24
290950066002,24
290950067001,24
290950067002,24
290950069001,24
290950069002,24
290950071001,24
290950071002,24
290950071003,24
290950071004,24
290950072001,25
290950072002,25
290950073011,25
290950073012,26
290950073021,25
290950073022,25
290950074001,26
290950074002,26
290950074003,25
290950074004,25
290950075001,26
290950075002,26
290950075003,26
290950076001,26
290950076002,26
290950076003,26
290950077001,22
290950077002,26
290950078021,27
290950078022,27
290950079001,27
290950079002,26
290950079003,26
290950080001,26
290950080002,26
290950080003,26
290950081001,26
290950081002,26
290950082001,26
290950082002,26
290950082003,26
290950082004,26
290950083001,25
290950083002,25
290950084001,25
290950084002,25
290950084003,25
290950085001,25
290950085002,25
290950085003,25
290950085004,25
290950086001,26
290950086002,26
290950086003,25
290950086004,25
290950086005,25
290950086006,25
290950087001,26
290950087002,26
290950088001,27
290950088002,27
290950088003,27
290950088004,27
290950089001,27
290950089002,27
290950090001,26
290950090002,26
290950090003,26
290950090004,26
290950090005,26
290950091001,26
290950091002,25
290950091003,25
290950091004,25
290950092001,25
290950092002,25
290950092003,25
290950093001,25
290950093002,25
290950093003,25
290950094001,25
290950094002,26
290950094003,25
290950094004,25
290950095001,26
290950095002,26
290950095003,26
290950095004,26
290950096001,26
290950096002,27
290950096003,27
290950097001,26
290950097002,26
290950098001,25
290950098002,25
290950098003,25
290950098004,25
290950099001,25
290950099002,25
290950100011,25
290950100012,25
290950100021,27
290950100022,27
290950100023,27
290950101031,27
290950101032,27
290950101033,27
290950101051,36
290950101052,36
290950101053,25
290950101054,36
290950102011,27
290950102012,27
290950102031,36
290950102032,36
290950102033,36
290950102034,36
290950102041,36
290950102042,36
290950102043,36
290950102044,36
290950105001,22
290950105002,22
290950105003,22
290950105004,22
290950105005,27
290950106001,28
290950106002,28
290950106003,28
290950106004,28
290950107021,28
290950107022,28
290950107023,28
290950110011,19
290950110012,19
290950110013,19
290950110021,19
290950110022,20
290950111001,20
290950111002,19
290950111003,20
290950112001,20
290950112002,20
290950112003,20
290950113001,20
290950113002,20
290950113003,20
290950114051,21
290950114052,21
290950114061,20
290950114062,20
290950114063,20
290950114064,20
290950114071,21
290950114072,21
290950114081,21
290950114082,21
290950114091,21
290950114101,21
290950114102,21
290950115011,21
290950115012,21
290950115013,21
290950115014,21
290950115021,21
290950115022,21
290950116011,21
290950116012,21
290950116013,21
290950116021,20
290950116022,20
290950116023,20
290950117011,21
290950117012,19
290950117021,21
290950117022,21
290950117023,21
290950118001,22
290950118002,19
290950118003,19
290950118004,22
290950118005,22
290950119001,29
290950119002,29
290950119003,29
290950119004,22
290950120001,29
290950120002,22
290950120003,22
290950121001,29
290950121002,29
290950121003,29
290950121004,29
290950121005,21
290950121006,29
290950122001,21
290950122002,29
290950122003,29
290950122004,29
290950123001,29
290950123002,21
290950124001,29
290950124002,29
290950124003,28
290950124004,29
290950125011,28
290950125012,28
290950125013,28
290950125021,28
290950125022,28
290950125023,28
290950126001,28
290950126002,28
290950126003,28
290950126004,28
290950127021,28
290950127022,28
290950127023,28
290950127031,28
290950127032,28
290950128021,28
290950128022,29
290950128023,28
290950128031,28
290950128032,28
290950128041,28
290950128042,27
290950128043,27
290950128044,28
290950128045,28
290950129031,27
290950129032,27
290950129033,27
290950129034,27
290950129041,35
290950129042,35
290950129043,27
290950129061,36
290950129062,27
290950129063,36
290950129064,35
290950129065,35
290950130031,36
290950130032,27
290950130033,36
290950130034,36
290950131001,36
290950131002,36
290950131003,36
290950132031,36
290950132032,36
290950132033,36
290950132034,36
290950132081,36
290950132082,36
290950132101,35
290950132102,36
290950132103,36
290950133011,37
290950133012,37
290950133013,37
290950133014,37
290950133071,37
290950133072,37
290950133091,37
290950133092,37
290950133093,37
290950133094,37
290950133131,37
290950133132,37
290950133133,37
290950133134,37
290950134011,37
290950134012,37
290950134051,56
290950134052,37
290950134071,36
290950134072,37
290950134101,37
290950134102,37
290950134103,37
290950134104,37
290950134161,37
290950134171,36
290950134172,36
290950134173,36
290950134181,37
290950134182,37
290950134183,37
290950135021,34
290950135022,34
290950135023,34
290950135024,34
290950135025,34
290950135041,34
290950135042,34
290950135043,37
290950136061,35
290950136121,35
290950136122,35
290950136123,35
290950136124,35
290950136125,35
290950136131,35
290950136132,35
290950136133,35
290950136141,35
290950136151,35
290950136152,35
290950137051,35
290950137061,35
290950137062,35
290950137063,35
290950137071,35
290950137072,35
290950137081,35
290950137082,35
290950138011,34
290950138012,35
290950138013,34
290950138031,35
290950138032,34
290950138033,34
290950138041,34
290950138042,34
290950139021,33
290950139041,34
290950139042,34
290950139043,34
290950139044,34
290950139161,31
290950139162,34
290950139163,34
290950139164,34
290950139171,33
290950139172,33
290950139181,33
290950139182,34
290950139183,33
290950140021,33
290950140022,33
290950140041,32
290950140042,32
290950140043,32
290950140051,33
290950140052,32
290950140053,32
290950140054,33
290950140061,32
290950140062,32
290950140063,33
290950140081,32
290950140082,32
290950140083,32
290950140091,32
290950140092,32
290950141111,31
290950141112,33
290950141121,33
290950141201,31
290950141202,31
290950141211,31
290950141212,31
290950141213,31
290950141214,31
290950141215,31
290950141221,32
290950141231,31
290950141232,31
290950141241,31
290950141242,31
290950141243,31
290950141251,31
290950141252,31
290950141261,31
290950141262,31
290950141263,31
290950141264,31
290950141265,31
290950141271,31
290950141272,31
290950141281,32
290950141282,31
290950141283,31
290950141284,31
290950142031,30
290950142032,30
290950142033,30
290950142051,30
290950142052,30
290950142053,30
290950142061,30
290950142062,30
290950142063,30
290950143001,29
290950143002,30
290950143003,29
290950143004,29
290950144001,35
290950144002,30
290950145011,29
290950145012,30
290950145013,29
290950145014,29
290950145031,30
290950145032,30
290950145041,30
290950145042,30
290950145043,30
290950146011,29
290950146012,29
290950146013,29
290950146014,29
290950146031,21
290950146032,30
290950146033,30
290950146041,21
290950146042,21
290950146043,30
290950146044,21
290950147011,21
290950147012,30
290950147013,30
290950147021,20
290950147022,21
290950147023,21
290950148041,20
290950148042,30
290950148061,32
290950148062,32
290950148063,32
290950149021,20
290950149022,20
290950149031,53
290950149032,32
290950149033,32
290950149041,32
290950149042,32
290950149043,32
290950149044,32
290950149051,32
290950149052,32
290950149053,32
290950149054,32
290950150001,20
290950150002,53
290950150003,20
290950151001,20
290950151002,20
290950151003,20
290950152001,24
290950152002,24
290950152003,24
290950153001,24
290950153002,24
290950153003,24
290950154011,23
290950154012,23
290950154013,23
290950154021,23
290950154022,23
290950155001,19
290950155002,19
290950155003,19
290950156001,22
290950156002,19
290950156003,19
290950157011,24
290950157012,24
290950157021,24
290950157022,24
290950157023,24
290950158001,24
290950158002,24
290950159001,24
290950159002,24
290950160001,23
290950160002,23
290950161001,23
290950161002,23
290950162001,23
290950162002,23
290950163001,22
290950163002,22
290950163003,22
290950164001,23
290950165001,23
290950165002,23
290950166001,23
290950166002,23
290950167001,24
290950167002,24
290950167003,24
290950167004,24
290950168011,24
290950168012,24
290950168013,24
290950168021,24
290950168022,24
290950169001,22
290950169002,22
290950169003,22
290950170001,22
290950170002,22
290950171001,22
290950171002,22
290950171003,22
290950171004,22
290950172001,27
290950172002,27
290950172003,27
290950172004,27
290950173001,36
290950173002,36
290950173003,36
290950173004,36
290950174001,27
290950174002,27
290950174003,27
290950175001,27
290950175002,27
290950176001,29
290950176002,29
290950176003,29
290950176004,29
290950177001,20
290950177002,20
290950177003,20
290950177004,20
290950178001,24
290950178002,24
290950178003,24
290950178004,24
290950179001,35
290950179002,30
290950179003,35
290950179004,35
290950180001,35
290950180002,35
290950180003,35
290950181011,34
290950181012,34
290950181013,34
290950181021,37
290950182001,37
290950182002,37
290950185001,30
290950185002,30
290950185003,30
290950186001,30
290950186002,30
290950193011,31
290950193012,30
290950193021,31
290950193022,31
290959801011,27
290959808021,22
290959883001,35
290959891001,31
290959892001,32
290970101001,162
290970101002,162
290970101003,162
290970101004,162
290970102001,162
290970102002,162
290970102003,162
290970102004,162
290970103011,162
290970103012,162
290970103013,162
290970103021,162
290970103022,162
290970104001,161
290970104002,161
290970104003,161
290970104004,162
290970105001,161
290970105002,161
290970105003,161
290970105004,161
290970105005,161
290970105006,161
290970106011,161
290970106012,161
290970106013,161
290970106021,161
290970106022,161
290970106023,161
290970107001,161
290970107002,161
290970107003,161
290970108001,161
290970108002,161
290970108003,161
290970108004,161
290970108005,161
290970109011,162
290970109012,161
290970109021,161
290970109022,161
290970110001,162
290970110002,162
290970110003,162
290970110004,162
290970110005,161
290970111001,162
290970111002,162
290970112011,162
290970112012,162
290970112021,162
290970112022,162
290970113011,162
290970113012,162
290970113013,163
290970113021,163
290970113022,163
290970113023,163
290970114001,163
290970114002,162
290970114003,163
290970114004,162
290970115011,163
290970115012,162
290970115013,163
290970115014,162
290970115021,163
290970115022,163
290970115023,163
290970116001,127
290970116002,127
290970116003,127
290970116004,163
290970116005,163
290970117001,163
290970117002,163
290970117003,163
290970117004,127
290970117005,163
290970118001,163
290970118002,163
290970118003,163
290970118004,163
290970119001,162
290970119002,162
290970119003,163
290970119004,163
290970120001,127
290970120002,127
290970120003,127
290970120004,127
290970120005,127
290970121001,127
290970121002,127
290970121003,127
290970122011,127
290970122012,163
290970122021,127
290970122022,127
290970122023,127
290997001071,112
290997001072,112
290997001111,113
290997001112,113
290997001113,113
290997001131,112
290997001132,112
290997001141,113
290997001142,113
290997001143,113
290997001151,113
290997001152,113
290997001153,113
290997001161,112
290997001162,112
290997001171,97
290997001172,113
290997001173,113
290997001174,113
290997001181,97
290997001182,97
290997001183,97
290997001184,97
290997001191,97
290997001192,97
290997001201,113
290997001202,112
290997001203,113
290997001211,113
290997001212,113
290997001221,113
290997001222,113
290997001231,112
290997001232,113
290997001241,112
290997001242,112
290997002061,112
290997002062,112
290997002063,112
290997002071,111
290997002072,112
290997002081,97
290997002082,97
290997002083,97
290997002084,97
290997002091,112
290997002092,112
290997002101,97
290997002102,97
290997002103,97
290997002111,97
290997002112,112
290997002113,112
290997002121,97
290997002122,97
290997002131,97
290997002132,97
290997003021,111
290997003022,111
290997003023,111
290997003024,111
290997003031,97
290997003032,97
290997003033,97
290997003051,111
290997003052,111
290997003061,97
290997003062,111
290997003063,111
290997004011,111
290997004012,111
290997004013,111
290997004021,111
290997004022,111
290997004023,111
290997004024,111
290997005021,111
290997005022,111
290997005023,111
290997005024,118
290997005025,118
290997005031,111
290997005032,111
290997005033,111
290997005041,111
290997005042,111
290997005043,111
290997006031,113
290997006032,112
290997006033,114
290997006041,114
290997006042,111
290997006043,112
290997006044,112
290997006051,114
290997006052,114
290997006053,114
290997006054,114
290997006061,114
290997006062,114
290997006071,114
290997006072,114
290997007001,114
290997007002,114
290997007003,114
290997007004,114
290997007005,115
290997008011,114
290997008012,114
290997008013,114
290997008014,114
290997008015,114
290997008021,114
290997008022,114
290997009001,114
290997009002,114
290997009003,114
290997009004,114
290997010011,114
290997010012,118
290997010013,118
290997010021,114
290997010022,118
290997010023,115
290997011011,118
290997011012,118
290997011013,118
290997011021,111
290997011022,118
290997011023,118
290997011024,118
290997011025,118
290997011026,118
290997012001,118
290997012002,118
290997012003,118
290997012004,118
290997012005,118
290997012006,115
290997013001,118
290997013002,115
290997013003,115
290997014011,115
290997014012,115
290997014031,115
290997014032,115
290997014041,115
290997014042,115
290997014043,115
290997014044,115
291019601011,54
291019601012,54
291019601013,54
291019601014,54
291019601021,54
291019601022,51
291019602001,54
291019602002,54
291019602003,54
291019602004,54
291019602005,54
291019603011,51
291019603012,54
291019603013,51
291019603021,54
291019603022,51
291019603023,54
291019604011,54
291019604012,54
291019604021,54
291019604022,54
291019605011,51
291019605012,51
291019605021,51
291019605022,51
291019606001,54
291019606002,54
291019606003,51
291019606004,54
291019607011,52
291019607012,52
291019607021,52
291019607022,52
291019607023,51
291019609001,54
291019609002,54
291019609003,54
291019609004,54
291019800001,52
291019800002,52
291039601001,4
291039601002,4
291039601003,4
291039602001,4
291039602002,4
291059601011,129
291059601012,129
291059601013,129
291059601014,129
291059601021,129
291059601022,123
291059602011,129
291059602012,129
291059602013,123
291059602021,123
291059602022,123
291059602023,123
291059603011,123
291059603012,123
291059603021,129
291059603022,129
291059603023,129
291059604001,123
291059604002,123
291059604003,123
291059604004,123
291059605001,123
291059605002,123
291059605003,129
291059605004,129
291059605005,129
291059606001,129
291059606002,129
291059606003,129
291059606004,129
291059606005,129
291070901001,53
291070901002,53
291070901003,53
291070901004,53
291070901005,53
291070902001,53
291070902002,53
291070902003,53
291070902004,53
291070902005,53
291070903001,53
291070903002,53
291070904011,53
291070904012,53
291070904013,53
291070904014,53
291070904021,53
291070904022,53
291070904023,53
291070905001,53
291070905002,51
291070905003,53
291070905004,53
291070906011,53
291070906012,53
291070906013,53
291070906014,53
291070906021,53
291070906022,53
291070906023,53
291094701001,157
291094701002,157
291094701003,157
291094701004,157
291094702011,157
291094702012,157
291094702013,157
291094702021,157
291094702022,157
291094702023,157
291094702024,157
291094703001,157
291094703002,157
291094703003,157
291094703004,157
291094703005,157
291094704011,157
291094704012,157
291094704013,157
291094704021,157
291094704022,158
291094704023,157
291094705011,157
291094705012,157
291094705021,157
291094705022,157
291094705023,157
291094706011,157
291094706012,157
291094706013,157
291094706014,157
291094706021,157
291094706022,157
291094706023,157
291119701001,4
291119701002,4
291119701003,4
291119702001,4
291119702002,4
291119702003,4
291119703001,4
291119703002,4
291119703003,4
291119704001,4
291119704002,4
291138101001,41
291138101002,41
291138101003,41
291138102031,41
291138102032,41
291138102033,41
291138102041,41
291138102051,41
291138102052,41
291138102053,41
291138102061,41
291138102062,41
291138103051,41
291138103052,41
291138103053,41
291138103054,41
291138103055,41
291138103061,41
291138103062,41
291138103071,64
291138103072,64
291138103081,41
291138103082,41
291138103083,41
291138103084,41
291138103085,41
291138103091,41
291138103092,41
291138103093,41
291138103101,64
291138103102,41
291138103103,64
291138104011,41
291138104012,41
291138104013,41
291138104021,64
291138104022,64
291154901001,7
291154901002,6
291154901003,7
291154902001,7
291154902002,7
291154902003,7
291154903001,7
291154903002,7
291154903003,7
291154903004,7
291154904001,7
291154904002,7
291154904003,7
291154904004,7
291154905001,6
291154905002,6
291174801001,7
291174801002,7
291174802001,7
291174802002,7
291174802003,7
291174802004,7
291174803001,7
291174803002,7
291174803003,7
291174804001,7
291174804002,7
291174804003,7
291174805001,7
291174805002,7
291190701011,159
291190701012,159
291190701021,159
291190701022,159
291190702001,159
291190702002,159
291190702003,159
291190702004,159
291190703001,159
291190703002,159
291190703003,159
291190703004,159
291190704011,159
291190704012,159
291190704021,159
291190704022,159
291190704023,159
291219601001,6
291219601002,6
291219601003,6
291219602001,6
291219602002,6
291219602003,6
291219603001,6
291219603002,6
291219603003,6
291219603004,6
291219604001,6
291219604002,6
291219604003,6
291219605001,6
291219605002,6
291219605003,6
291219605004,6
291239601001,145
291239601002,145
291239601003,145
291239601004,145
291239602011,145
291239602012,145
291239602021,145
291239602022,145
291239602023,145
291239603001,145
291239603002,145
291239603003,145
291258801001,62
291258801002,62
291258802981,62
291258802982,62
291258803001,62
291258803002,62
291258803003,62
291279601001,5
291279601002,5
291279601003,5
291279602001,5
291279602002,5
291279602003,5
291279602004,5
291279603001,5
291279603002,5
291279603003,5
291279603004,5
291279604001,5
291279604002,5
291279604003,5
291279605001,5
291279605002,5
291279605003,5
291279606001,5
291279606002,5
291279606003,5
291279608001,5
291279608002,5
291279608003,5
291279608004,5
291279608005,5
291279609001,5
291279609002,5
291279609003,5
291279609004,5
291294701001,3
291294701002,3
291294702001,3
291294702002,3
291319625011,124
291319625012,124
291319625013,124
291319625021,62
291319625022,62
291319625023,62
291319626001,58
291319626002,59
291319626003,59
291319626004,59
291319627011,124
291319627012,124
291319627021,124
291319627022,124
291319628011,124
291319628012,124
291319628021,124
291319628022,124
291319629011,124
291319629012,58
291319629013,58
291319629014,58
291319629021,58
291339501001,148
291339501002,148
291339501003,148
291339502001,148
291339502002,148
291339502003,148
291339502004,148
291339503001,149
291339503002,148
291339504001,149
291339504002,149
291339504003,149
291339504004,149
291353851001,50
291353851002,50
291353851003,58
291353852001,50
291353852002,50
291353852003,50
291353853001,58
291353853002,58
291353853003,58
291353854001,58
291353854002,58
291353854003,58
291379601001,5
291379601002,5
291379601003,40
291379601004,40
291379602001,40
291379602002,40
291379602003,40
291379602004,40
291379603001,40
291379603002,40
291379603003,40
291399701001,42
291399701002,42
291399701003,42
291399701004,42
291399702001,42
291399702002,42
291399702003,42
291399703001,42
291399703002,42
291399703003,42
291399703004,42
291399704001,42
291399704002,42
291399704003,42
291414701001,58
291414701002,58
291414701003,58
291414701004,58
291414701005,58
291414702001,58
291414702002,58
291414702003,58
291414703001,58
291414703002,58
291414703003,58
291414704011,58
291414704021,58
291414704022,58
291414704023,58
291414705011,58
291414705012,58
291414705021,58
291414705022,58
291414705031,58
291414705032,58
291439601001,149
291439601002,149
291439601003,149
291439601004,149
291439602001,149
291439602002,149
291439602003,149
291439603001,149
291439603002,149
291439603003,149
291439603004,149
291439604001,149
291439604002,149
291439604003,149
291439605001,149
291439605002,149
291439605003,149
291439606001,149
291439606002,149
291439606003,149
291439606004,149
291450201001,160
291450201002,160
291450201003,160
291450201004,160
291450201005,160
291450202001,160
291450202002,160
291450202003,160
291450202004,160
291450202005,160
291450203001,160
291450203002,160
291450203003,160
291450204011,160
291450204012,160
291450204013,160
291450204021,160
291450204022,160
291450204023,160
291450205011,160
291450205012,161
291450205013,161
291450205021,161
291450205022,160
291450205023,161
291450206011,160
291450206012,160
291450206013,160
291450206014,160
291450206021,160
291450206022,159
291450206023,160
291450207001,159
291450207002,159
291450207003,159
291450207004,159
291450208001,159
291450208002,160
291450208003,159
291450208004,159
291450208005,160
291450209001,160
291450209002,160
291450209003,160
291450210001,159
291450210002,159
291474701001,1
291474701002,1
291474702001,1
291474702002,1
291474702003,1
291474703011,1
291474703021,1
291474703022,1
291474703023,1
291474703024,1
291474703025,1
291474704001,1
291474704002,1
291474704003,1
291474704004,1
291474705001,1
291474705002,1
291474705003,1
291474705004,1
291494801001,143
291494801002,143
291494801003,143
291494801004,143
291494802001,143
291494802002,143
291494802003,143
291494803001,143
291494803002,143
291494803003,143
291514901001,61
291514901002,61
291514901003,61
291514902001,61
291514902002,62
291514902003,62
291514903001,62
291514903002,62
291514903003,62
291514904001,62
291514904002,62
291534701011,155
291534701012,155
291534701013,155
291534701021,155
291534701022,155
291534702001,155
291534702002,155
291534702003,155
291534702004,155
291534702005,155
291554701001,149
291554701002,149
291554701003,149
291554702001,149
291554702002,149
291554702003,149
291554703001,150
291554703002,150
291554703003,150
291554704001,150
291554704002,150
291554704003,150
291554704004,150
291554705001,149
291554705002,150
291554705003,150
291554706001,150
291554706002,150
291554706003,150
291574701001,116
291574701002,116
291574701003,116
291574702001,116
291574702002,145
291574702003,145
291574703001,145
291574703002,116
291574703003,145
291574704001,116
291574704002,116
291574704003,145
291574704004,145
291574705001,145
291574705002,145
291574705003,145
291594801001,48
291594801002,48
291594801003,51
291594802001,52
291594802002,52
291594802003,54
291594802004,52
291594803001,54
291594803002,54
291594803003,54
291594804001,48
291594804002,54
291594804003,48
291594804004,52
291594805001,52
291594805002,52
291594805003,52
291594806001,52
291594806002,52
291594806003,52
291594807001,52
291594807002,52
291594807003,52
291594808001,52
291594808002,52
291594808003,52
291594808004,52
291594809001,52
291594809002,52
291594809003,52
291594809004,52
291594810001,52
291594810002,52
291594810003,52
291594811001,52
291594811002,52
291594811003,52
291594811004,52
291594811005,52
291618901001,62
291618901002,120
291618901003,120
291618901004,120
291618902001,120
291618902002,120
291618902003,120
291618902004,120
291618902005,120
291618902006,120
291618902007,120
291618903011,121
291618903012,120
291618903013,120
291618903021,121
291618903022,121
291618903023,121
291618904011,121
291618904012,121
291618904013,121
291618904014,121
291618904021,62
291618905001,62
291618905002,62
291618905003,121
291618906001,142
291618906002,142
291618906003,121
291618907001,121
291618907002,121
291618907003,121
291618908001,121
291618908002,121
291618908003,121
291618908004,121
291618909001,121
291618909002,121
291618909003,121
291618910001,121
291618910002,120
291618910003,120
291618910004,120
291634601001,40
291634601002,40
291634601003,40
291634601004,40
291634602001,40
291634602002,40
291634602003,40
291634603001,40
291634603002,40
291634603003,40
291634603004,40
291634604001,40
291634604002,40
291634604003,40
291634605001,40
291634605002,40
291634605003,40
291650300021,14
291650300022,14
291650300023,14
291650300031,14
291650300041,14
291650300042,14
291650300043,14
291650300044,14
291650301011,14
291650301012,14
291650301021,14
291650301022,14
291650301023,14
291650301031,14
291650301032,13
291650301033,13
291650301034,14
291650302011,13
291650302012,13
291650302013,13
291650302014,13
291650302071,14
291650302072,14
291650302073,14
291650302074,14
291650302075,14
291650302076,14
291650302081,13
291650302082,13
291650302101,14
291650302111,14
291650302112,14
291650302113,14
291650302121,14
291650302122,14
291650302123,14
291650302131,14
291650302132,14
291650302141,13
291650302151,14
291650302161,13
291650302162,13
291650303061,13
291650303062,13
291650303063,13
291650303064,13
291650303081,13
291650303082,13
291650303083,13
291650303084,13
291650303091,13
291650303092,13
291650303093,13
291650303094,13
291650303095,13
291650303101,13
291650303102,13
291650303103,13
291650304011,13
291650304012,13
291650304013,13
291650304014,13
291650305011,12
291650305012,13
291650305021,12
291650305022,12
291650305023,12
291650305024,12
291650306011,13
291650306012,13
291650306021,11
291650306022,12
291650306023,11
291650306024,12
291650306025,12
291650307001,11
291650307002,11
291650307003,11
291650307004,11
291659800001,13
291679601011,128
291679601012,128
291679601021,128
291679601022,128
291679601023,128
291679601024,128
291679602011,128
291679602012,128
291679602021,128
291679602022,128
291679602023,128
291679603011,128
291679603012,128
291679603021,128
291679603022,128
291679603023,128
291679604011,128
291679604012,128
291679604013,128
291679604021,128
291679604022,128
291679604023,128
291679604024,128
291694701011,121
291694701012,121
291694701013,121
291694701014,121
291694701021,121
291694701022,121
291694701023,121
291694702861,142
291694702862,121
291694702863,122
291694702881,122
291694702882,122
291694702883,122
291694702884,122
291694702891,122
291694702892,122
291694703891,122
291694703892,122
291694703901,122
291694703902,122
291694704011,122
291694704012,122
291694704021,122
291694704022,122
291694704023,122
291694704024,122
291694705011,122
291694705012,122
291694705021,121
291694705022,121
291694706011,142
291694706021,142
291719601001,3
291719601002,3
291719601003,3
291719601004,3
291719602001,3
291719602002,3
291719602003,3
291734701001,40
291734701002,40
291734701003,40
291734702001,40
291734702002,40
291734702003,40
291734703001,40
291734703002,40
291734703003,40
291734703004,40
291754901001,6
291754901002,6
291754901003,6
291754902001,6
291754902002,48
291754902003,6
291754902004,6
291754903001,6
291754903002,6
291754903003,6
291754903004,6
291754903005,6
291754904001,6
291754904002,6
291754904003,6
291754905001,6
291754905002,6
291754905003,6
291754905004,47
291754906001,47
291754906002,48
291754906003,47
291754906004,47
291770800011,39
291770800012,39
291770800021,39
291770800022,8
291770800023,39
291770800024,8
291770800025,8
291770801001,39
291770801002,39
291770801003,39
291770802011,39
291770802012,39
291770802013,39
291770802021,39
291770802022,39
291770802023,39
291770802024,39
291770803001,39
291770803002,39
291770803003,39
291770803004,39
291793801001,144
291793801002,144
291793801003,144
291793802001,144
291793802002,144
291793802003,144
291818701001,153
291818701002,153
291818701003,153
291818701004,153
291818702001,153
291818702002,153
291818702003,153
291818703001,153
291818703002,153
291818703003,153
291818703004,153
291818704001,153
291818704002,153
291818704003,153
291833101001,65
291833101002,65
291833101003,65
291833102011,65
291833102012,65
291833102013,65
291833102014,65
291833102021,65
291833102022,65
291833103011,65
291833103012,65
291833103021,65
291833103022,65
291833104001,65
291833104002,65
291833105011,65
291833105012,65
291833105013,65
291833105014,65
291833105021,65
291833105022,65
291833106011,65
291833106012,65
291833106021,65
291833106022,65
291833106023,65
291833107001,106
291833107002,106
291833107003,106
291833108011,106
291833108021,106
291833108022,106
291833108023,106
291833108024,106
291833109011,106
291833109021,106
291833109022,106
291833109023,106
291833109031,106
291833109032,106
291833109033,106
291833110011,106
291833110012,106
291833110031,106
291833110032,106
291833110033,106
291833110041,106
291833110042,106
291833110043,106
291833110044,106
291833111031,102
291833111032,103
291833111033,103
291833111034,103
291833111141,102
291833111142,103
291833111221,103
291833111222,104
291833111223,104
291833111224,104
291833111241,102
291833111242,102
291833111243,102
291833111244,102
291833111321,104
291833111451,105
291833111452,105
291833111453,105
291833111461,105
291833111462,105
291833111463,105
291833111471,105
291833111472,105
291833111473,105
291833111481,105
291833111482,105
291833111483,104
291833111484,104
291833111491,104
291833111492,104
291833111501,104
291833111502,104
291833111503,104
291833111511,102
291833111512,102
291833111513,102
291833111514,102
291833111521,102
291833111522,102
291833111523,102
291833111531,108
291833111532,102
291833111533,102
291833111541,102
291833111542,102
291833112031,105
291833112032,105
291833112033,105
291833112111,105
291833112112,105
291833112121,105
291833112122,105
291833112123,105
291833112211,104
291833112212,104
291833112941,105
291833112942,105
291833112961,105
291833112962,105
291833113111,104
291833113112,104
291833113113,104
291833113121,104
291833113122,104
291833113123,104
291833113124,104
291833113221,103
291833113222,103
291833113223,103
291833113311,104
291833113312,104
291833113313,104
291833113911,104
291833113912,104
291833113913,104
291833114221,107
291833114222,107
291833114223,107
291833114224,107
291833115001,65
291833115002,65
291833116021,107
291833116022,107
291833116023,107
291833116024,107
291833116025,107
291833116031,107
291833116032,107
291833116041,64
291833116042,64
291833116043,64
291833117121,108
291833117122,107
291833117123,107
291833117211,103
291833117212,103
291833117321,103
291833117322,102
291833117323,103
291833117324,103
291833117325,102
291833117331,103
291833117341,107
291833117342,107
291833117343,107
291833117351,103
291833117352,103
291833117353,102
291833117354,103
291833117371,108
291833117372,108
291833117381,108
291833117382,103
291833117391,103
291833117392,102
291833117393,103
291833117401,103
291833118011,64
291833118012,64
291833118013,64
291833118021,107
291833118022,107
291833118023,107
291833118024,107
291833119031,107
291833119032,107
291833119033,107
291833119034,107
291833119041,108
291833119042,108
291833119043,108
291833119071,108
291833119072,107
291833119073,108
291833119074,108
291833119081,108
291833119091,108
291833119092,108
291833120011,64
291833120012,64
291833120021,64
291833120022,64
291833120031,63
291833120032,63
291833120941,63
291833120942,64
291833120951,63
291833120952,107
291833120953,64
291833120961,63
291833120962,64
291833120963,63
291833121921,63
291833121922,63
291833121931,108
291833121932,108
291833121933,63
291833121941,63
291833121942,63
291833121951,63
291833121952,63
291833122041,42
291833122042,42
291833122043,102
291833122044,102
291833122061,63
291833122062,63
291833122071,108
291833122072,108
291833122081,108
291833122082,108
291833122083,108
291833122091,108
291833122092,63
291833123001,105
291833123002,105
291833124001,105
291833124002,104
291833124003,107
291839800001,102
291854801001,125
291854801002,125
291854801003,125
291854801004,125
291854802001,125
291854802002,125
291854802003,125
291854803001,125
291854803002,125
291854803003,125
291869601011,115
291869601012,115
291869601013,115
291869601014,116
291869601021,116
291869601022,116
291869602001,116
291869602002,116
291869602003,116
291869602004,116
291869602005,116
291869603001,116
291869603002,116
291869603003,116
291869604001,116
291869604002,116
291869604003,116
291879501031,117
291879501032,117
291879501041,115
291879501042,115
291879501051,115
291879501061,115
291879501062,115
291879501063,115
291879503001,115
291879503002,117
291879503003,117
291879503004,117
291879503005,115
291879504011,117
291879504012,117
291879504021,117
291879504022,115
291879506001,117
291879506002,117
291879506003,117
291879507011,116
291879507012,116
291879507021,117
291879507022,117
291879507023,117
291879507031,116
291879507032,116
291879508011,116
291879508012,116
291879508021,116
291879508022,116
291879509011,116
291879509021,116
291879509022,116
291879509023,117
291879509024,117
291879509025,117
291879510011,117
291879510012,117
291879510021,117
291879510022,117
291879510023,117
291879511011,117
291879511012,115
291879511021,117
291879511022,117
291879511023,117
291879511024,117
291892101011,66
291892101021,66
291892101022,66
291892101023,66
291892102001,66
291892102002,66
291892102003,66
291892102004,66
291892103001,66
291892103002,66
291892103003,66
291892103004,66
291892104001,66
291892104002,66
291892104003,66
291892104004,66
291892104005,66
291892105011,75
291892105012,75
291892105021,75
291892105022,75
291892105023,75
291892105024,75
291892105025,75
291892106001,66
291892106002,66
291892106003,66
291892106004,66
291892106005,66
291892107021,67
291892107022,66
291892107023,66
291892107024,66
291892107031,67
291892107032,66
291892107033,67
291892107041,67
291892107042,67
291892107043,67
291892108031,67
291892108032,68
291892108033,68
291892108051,75
291892108052,75
291892108053,75
291892108054,75
291892108061,67
291892108062,67
291892108063,75
291892108064,75
291892108071,67
291892108072,67
291892108073,67
291892108081,67
291892108082,67
291892109121,68
291892109122,67
291892109123,67
291892109124,67
291892109211,69
291892109212,69
291892109231,69
291892109232,69
291892109233,69
291892109241,69
291892109242,69
291892109243,69
291892109251,68
291892109252,68
291892109253,68
291892109261,68
291892109262,68
291892109271,67
291892109272,67
291892109281,67
291892109282,67
291892109283,67
291892110011,68
291892110012,68
291892110013,68
291892110021,68
291892110022,68
291892111011,68
291892111012,68
291892111013,68
291892111014,74
291892111015,74
291892111021,68
291892111022,68
291892111023,75
291892111024,68
291892112011,74
291892112012,74
291892112013,74
291892112014,74
291892112021,74
291892112022,68
291892113011,69
291892113012,68
291892113013,68
291892113311,69
291892113312,69
291892113313,69
291892113314,69
291892113315,69
291892113321,69
291892113322,69
291892113323,69
291892113324,69
291892113331,69
291892113332,69
291892113333,69
291892113341,69
291892113342,69
291892113343,69
291892114011,70
291892114012,70
291892114013,70
291892114014,70
291892114021,73
291892114022,73
291892115001,73
291892115002,73
291892115003,73
291892116001,74
291892116002,74
291892116003,74
291892116004,74
291892116005,74
291892116006,73
291892117001,74
291892117002,74
291892117003,74
291892117004,74
291892118011,75
291892118012,75
291892118013,75
291892118021,75
291892118022,75
291892118023,75
291892119001,75
291892119002,75
291892119003,75
291892119004,75
291892119005,75
291892120021,75
291892120022,74
291892120023,74
291892120031,74
291892120032,74
291892120033,75
291892120041,66
291892120042,75
291892120043,74
291892121011,74
291892121012,74
291892121013,74
291892121014,74
291892121015,74
291892121021,74
291892121022,74
291892122011,85
291892122012,85
291892122013,85
291892122014,85
291892122021,85
291892122022,85
291892122023,85
291892123001,74
291892123002,85
291892123003,85
291892123004,85
291892124001,73
291892124002,73
291892125001,74
291892125002,74
291892125003,75
291892125004,74
291892126001,73
291892126002,74
291892126003,74
291892126004,73
291892126005,73
291892127011,73
291892127012,73
291892127021,73
291892127022,73
291892127023,73
291892131021,70
291892131022,70
291892131031,72
291892131032,72
291892131033,70
291892131041,73
291892131042,70
291892132021,72
291892132022,72
291892132023,72
291892132024,72
291892132025,72
291892132031,72
291892132032,72
291892132033,72
291892132041,72
291892132042,72
291892132043,72
291892133011,73
291892133012,73
291892133013,73
291892133021,73
291892133022,73
291892133023,72
291892134011,85
291892134012,73
291892134013,73
291892134014,85
291892134015,73
291892134021,73
291892134022,73
291892135001,85
291892135002,85
291892135003,85
291892135004,85
291892136001,73
291892136002,85
291892136003,85
291892136004,85
291892136005,85
291892137011,85
291892137012,85
291892137021,85
291892137022,85
291892137023,85
291892137024,85
291892138001,85
291892138002,85
291892138003,85
291892138004,85
291892138005,85
291892138006,85
291892139001,86
291892139002,86
291892141001,86
291892141002,86
291892142001,86
291892142002,86
291892142003,86
291892143001,86
291892143002,86
291892143003,86
291892144001,72
291892144002,85
291892144003,85
291892144004,85
291892144005,85
291892145001,71
291892145002,85
291892145003,85
291892146011,72
291892146012,72
291892146013,71
291892146014,72
291892146021,71
291892146022,71
291892146023,71
291892147001,72
291892147002,72
291892147003,72
291892147004,72
291892147005,72
291892147006,72
291892147007,72
291892148001,73
291892148002,73
291892148003,72
291892148004,72
291892148005,72
291892149011,72
291892149012,72
291892149021,72
291892149022,71
291892150011,71
291892150012,71
291892150031,71
291892150032,71
291892150033,88
291892150041,71
291892150042,71
291892150043,71
291892150051,88
291892150052,71
291892150053,88
291892150054,88
291892150055,88
291892151021,71
291892151022,71
291892151023,71
291892151031,71
291892151051,70
291892151052,71
291892151411,70
291892151412,71
291892151413,71
291892151431,70
291892151432,70
291892151441,70
291892151442,70
291892151443,70
291892151444,70
291892151451,70
291892151452,70
291892151453,70
291892151454,71
291892151461,71
291892151462,71
291892152011,88
291892152012,88
291892152013,88
291892152014,88
291892152311,70
291892152312,89
291892152331,88
291892152332,88
291892152333,88
291892152341,89
291892152351,70
291892152352,89
291892152353,70
291892152361,89
291892152362,89
291892153011,88
291892153012,88
291892153013,88
291892153021,88
291892153022,88
291892153023,88
291892153024,88
291892154001,88
291892154002,88
291892154003,87
291892154004,87
291892154005,88
291892155001,88
291892155002,88
291892155003,88
291892155004,88
291892156001,88
291892156002,88
291892156003,71
291892157001,86
291892157002,86
291892157003,86
291892157004,86
291892157005,86
291892157006,86
291892158011,86
291892158012,86
291892158013,86
291892158021,86
291892158022,87
291892158031,86
291892158032,86
291892158033,87
291892159011,86
291892159012,86
291892159013,86
291892159014,86
291892159021,86
291892159022,86
291892159023,86
291892160001,86
291892160002,86
291892161011,87
291892161012,86
291892161013,86
291892161021,86
291892161022,87
291892162011,87
291892162012,86
291892162013,86
291892162014,87
291892162021,86
291892162022,87
291892162023,87
291892162024,87
291892163001,87
291892163002,87
291892163003,87
291892164011,87
291892164012,87
291892164013,87
291892164021,87
291892164022,87
291892164023,87
291892165001,87
291892165002,87
291892165003,87
291892165004,87
291892166001,87
291892166002,87
291892166003,87
291892167001,87
291892167002,87
291892167003,83
291892167004,83
291892168001,87
291892168002,87
291892168003,83
291892169001,83
291892169002,83
291892170001,83
291892170002,83
291892170003,83
291892170004,83
291892172001,83
291892172002,83
291892173001,83
291892173002,83
291892173003,83
291892174001,87
291892174002,83
291892174003,83
291892174004,83
291892175001,87
291892175002,87
291892175003,87
291892175004,90
291892175005,90
291892176001,89
291892176002,90
291892176003,89
291892176004,89
291892177011,89
291892177012,89
291892177013,89
291892177021,89
291892177022,89
291892177023,89
291892177024,99
291892177025,99
291892178021,100
291892178022,100
291892178023,100
291892178024,99
291892178061,101
291892178062,101
291892178063,100
291892178071,100
291892178072,100
291892178073,100
291892178074,100
291892178411,100
291892178412,100
291892178413,101
291892178511,100
291892178512,100
291892178521,101
291892178522,100
291892178523,100
291892178531,100
291892178532,100
291892178533,89
291892178541,100
291892179211,101
291892179212,98
291892179213,98
291892179231,98
291892179232,98
291892179233,98
291892179234,98
291892179311,100
291892179312,100
291892179313,99
291892179314,100
291892179321,99
291892179322,98
291892179323,98
291892179411,99
291892179412,99
291892179413,99
291892179414,99
291892179421,99
291892179422,99
291892179423,99
291892179424,99
291892179431,98
291892179432,98
291892179441,98
291892179442,98
291892179443,98
291892180121,89
291892180122,89
291892180123,89
291892180131,99
291892180132,99
291892180133,89
291892180141,89
291892180151,89
291892180161,99
291892180162,99
291892181021,99
291892181022,99
291892181041,99
291892181051,99
291892181052,99
291892181053,99
291892182011,90
291892182012,90
291892182013,90
291892183001,90
291892183002,90
291892183003,90
291892183004,90
291892183005,90
291892184011,89
291892184012,89
291892184013,90
291892184021,90
291892184022,90
291892184023,90
291892185001,90
291892185002,90
291892185003,90
291892185004,90
291892185005,90
291892186001,90
291892186002,90
291892188001,90
291892188002,90
291892188003,90
291892188004,90
291892188005,90
291892188006,90
291892189011,83
291892189012,83
291892189013,83
291892189021,83
291892189022,83
291892191001,91
291892191002,91
291892191003,91
291892191004,91
291892192001,91
291892192002,91
291892193001,83
291892193002,90
291892193003,90
291892194001,91
291892194002,91
291892194003,91
291892194004,91
291892194005,91
291892195011,91
291892195012,91
291892195013,91
291892195014,91
291892195021,91
291892195022,91
291892196011,91
291892196012,91
291892196013,91
291892196021,91
291892196022,91
291892196023,91
291892197001,92
291892197002,92
291892197003,92
291892197004,92
291892197005,92
291892198011,92
291892198012,92
291892198013,92
291892198021,92
291892198022,92
291892199001,93
291892199002,93
291892199003,93
291892199004,93
291892199005,93
291892199006,93
291892200011,93
291892200012,93
291892200013,92
291892200021,92
291892200022,92
291892200023,92
291892201011,93
291892201012,93
291892201013,93
291892201021,93
291892201022,93
291892201023,93
291892202001,93
291892202002,93
291892202003,93
291892202004,93
291892202005,93
291892203001,94
291892204411,94
291892204412,94
291892204413,95
291892204421,94
291892204422,94
291892204431,95
291892204432,95
291892204451,95
291892204452,95
291892204453,95
291892204461,95
291892204462,95
291892204471,94
291892204472,94
291892204473,94
291892204481,94
291892204482,94
291892204483,94
291892204491,95
291892204492,95
291892204493,95
291892204501,95
291892204502,95
291892204511,95
291892204512,95
291892204521,95
291892204522,95
291892205011,94
291892205012,93
291892205013,93
291892205014,93
291892205031,94
291892205032,94
291892205041,94
291892205042,94
291892205043,94
291892206011,94
291892206012,92
291892206013,94
291892206021,94
291892206022,94
291892206023,93
291892206024,94
291892207011,92
291892207012,92
291892207021,92
291892207022,92
291892207023,92
291892207031,92
291892208011,92
291892208012,92
291892208013,92
291892208014,92
291892208021,91
291892208022,91
291892208023,91
291892208024,96
291892208031,91
291892208032,96
291892208033,96
291892210001,90
291892210002,91
291892210003,91
291892210004,91
291892211001,90
291892212011,96
291892212012,96
291892212013,96
291892212021,96
291892212022,96
291892212023,96
291892212024,96
291892213321,96
291892213322,95
291892213351,96
291892213352,97
291892213353,96
291892213354,96
291892213361,96
291892213362,94
291892213371,94
291892213372,92
291892213381,96
291892213382,94
291892213391,96
291892213392,96
291892214211,98
291892214212,98
291892214213,98
291892214214,98
291892214215,98
291892214231,96
291892214232,96
291892214233,96
291892214241,96
291892214242,96
291892214243,96
291892214251,98
291892214252,98
291892214253,98
291892214261,98
291892214262,99
291892215021,110
291892215022,110
291892215023,110
291892215024,110
291892215031,110
291892215032,110
291892215033,110
291892215061,110
291892215062,110
291892215063,110
291892216211,101
291892216212,110
291892216213,110
291892216241,101
291892216242,101
291892216251,101
291892216252,101
291892216253,110
291892216254,101
291892216261,101
291892216262,101
291892216263,101
291892216271,101
291892216272,101
291892216273,101
291892216291,101
291892216292,101
291892216293,101
291892216294,101
291892216301,70
291892216302,70
291892216311,101
291892216312,101
291892216313,101
291892216314,101
291892218001,73
291892218002,73
291892218003,73
291892219001,91
291892219002,91
291892219003,91
291892219004,90
291892220001,96
291892220002,96
291892221001,110
291892221002,110
291892221003,110
291892221004,110
291950901001,48
291950901002,48
291950901003,48
291950901004,48
291950902001,48
291950902002,51
291950903001,51
291950903002,51
291950903003,51
291950904001,51
291950904002,51
291950904003,51
291950905001,51
291950905002,51
291950905003,51
291950906001,51
291950906002,51
291950906003,51
291950907001,51
291950907002,51
291950907003,51
291950908001,48
291950908002,48
291950908003,48
291974701001,4
291974701002,4
291974702001,4
291974702002,4
291974702003,4
291994801001,4
291994801002,4
291994801003,4
291994802001,4
291994802002,4
291994802003,4
292017801001,148
292017801002,148
292017801003,148
292017802001,151
292017802002,151
292017802003,151
292017803001,151
292017803002,151
292017804001,151
292017804002,148
292017804003,148
292017804004,148
292017806001,148
292017806002,148
292017806003,148
292017806004,149
292017807001,149
292017807002,149
292017807003,149
292017810001,148
292017810002,148
292017810003,148
292017811001,148
292017811002,148
292017811003,148
292017812011,149
292017812012,149
292017812013,149
292017812014,149
292017812021,148
292017812022,148
292017812023,148
292017812024,149
292017813001,148
292017813002,148
292017813003,148
292034701001,143
292034701002,143
292034701003,143
292034701004,143
292034702001,143
292034702002,143
292034702003,143
292034702004,143
292054501001,5
292054501002,5
292054502001,5
292054502002,5
292054502003,5
292054503001,5
292054503002,5
292074701001,151
292074701002,151
292074701003,151
292074701004,151
292074702001,151
292074702002,151
292074702003,151
292074702004,151
292074703001,151
292074703002,151
292074703003,151
292074703004,151
292074704001,151
292074704002,151
292074704003,151
292074705001,151
292074705002,151
292074705003,151
292074706001,151
292074706002,151
292074706003,151
292074706004,151
292074707001,151
292074707002,151
292074707003,151
292074708001,151
292074708002,151
292090901011,138
292090901012,138
292090901021,138
292090901022,138
292090901023,138
292090901024,138
292090902011,138
292090902012,138
292090902021,138
292090902022,138
292090902023,138
292090904011,138
292090904012,138
292090904013,138
292090904021,138
292090904022,138
292090904023,138
292090905011,138
292090905012,138
292090905021,138
292090905022,138
292090905023,138
292090905024,138
292090906031,138
292090906032,138
292090906041,138
292090906042,138
292090906043,138
292090906051,138
292090906052,138
292090906053,138
292090906061,138
292090906062,138
292114801001,3
292114801002,3
292114801003,3
292114802001,3
292114802002,3
292114803001,3
292114803002,3
292114803003,3
292134801061,156
292134801062,156
292134801071,156
292134801072,156
292134801081,156
292134801082,156
292134801083,156
292134801091,156
292134801092,156
292134802031,156
292134802032,156
292134802033,156
292134802041,156
292134802042,156
292134802051,156
292134802052,156
292134802061,156
292134802062,156
292134802071,156
292134802072,156
292134802081,156
292134802082,156
292134803011,156
292134803012,156
292134803013,155
292134803021,155
292134803022,155
292134803023,156
292134803024,156
292134803025,155
292134804021,155
292134804022,155
292134804023,155
292134804031,155
292134804032,155
292134804033,155
292134804041,155
292134804042,155
292134805011,156
292134805012,138
292134805013,138
292134805031,156
292134805032,156
292134805033,156
292134805041,156
292134805042,156
292134805043,156
292154801011,142
292154801012,142
292154801013,142
292154801021,142
292154801022,142
292154801023,142
292154802011,142
292154802012,142
292154802013,142
292154802021,142
292154802022,142
292154803011,142
292154803012,142
292154803013,142
292154803021,142
292154803022,142
292154803023,142
292154804011,142
292154804012,142
292154804013,142
292154804021,142
292154804022,142
292179501001,126
292179501002,126
292179501003,126
292179502001,126
292179502002,126
292179503001,126
292179503002,126
292179503003,126
292179503004,126
292179503005,126
292179503006,126
292179504001,126
292179504002,126
292179504003,126
292179505001,126
292179505002,126
292179506001,126
292179506002,126
292198201041,42
292198201042,42
292198201043,42
292198201051,42
292198201052,42
292198201061,42
292198201062,42
292198201063,42
292198201071,42
292198201072,42
292198201073,42
292198201081,63
292198201082,63
292198201083,63
292198201084,63
292198201091,63
292198201092,63
292198202011,63
292198202012,42
292198202013,63
292198202031,42
292198202032,42
292198202033,42
292198202041,42
292198202042,42
292214601011,118
292214601012,118
292214601013,118
292214601021,118
292214601022,118
292214601023,118
292214602001,118
292214602002,118
292214602003,119
292214602004,119
292214603001,144
292214604001,144
292214604002,118
292214604003,144
292214604004,144
292214605001,144
292214605002,144
292214605003,144
292214605004,144
292236901001,153
292236901002,144
292236901003,144
292236901004,153
292236901005,153
292236902001,144
292236902002,144
292236902003,144
292236902004,144
292236903001,144
292236903002,144
292236903003,144
292236903004,144
292236904001,144
292236904002,144
292236904003,153
292254701011,141
292254701012,141
292254701013,141
292254701021,137
292254701022,137
292254701023,137
292254702011,141
292254702012,137
292254702013,137
292254702021,137
292254702022,137
292254702023,137
292254703011,137
292254703012,137
292254703013,137
292254703014,137
292254703021,141
292254703022,141
292254703023,137
292254704011,141
292254704012,141
292254704013,141
292254704021,141
292254704022,141
292279601001,1
292279601002,1
292279601003,1
292294901001,141
292294901002,141
292294901003,141
292294901004,141
292294902001,141
292294902002,141
292294902003,141
292294902004,141
292294903001,141
292294903002,141
292294903003,141
292294903004,141
292294903005,141
292294904001,141
292294904002,141
292294904003,141
292294904004,141
292294904005,141
292294904006,141
295101011001,93
295101011002,81
295101012001,93
295101012002,93
295101012003,81
295101013001,81
295101013002,81
295101013003,81
295101013004,81
295101014001,81
295101014002,81
295101014003,81
295101015001,93
295101015002,93
295101018001,81
295101018002,93
295101018003,81
295101018004,81
295101021001,82
295101021002,82
295101021003,82
295101022001,82
295101022002,82
295101022003,82
295101022004,82
295101022005,82
295101022006,82
295101022007,82
295101023001,82
295101023002,93
295101024001,82
295101024002,82
295101024003,82
295101025001,81
295101025002,82
295101031001,82
295101031002,91
295101031003,82
295101034001,83
295101034002,83
295101036001,80
295101036002,83
295101037001,83
295101037002,83
295101037003,83
295101038001,82
295101038002,82
295101038003,82
295101038004,82
295101038005,82
295101042001,84
295101042002,84
295101042003,84
295101042004,84
295101045001,84
295101045002,77
295101051981,84
295101051982,84
295101051983,84
295101051984,84
295101052001,84
295101052002,84
295101053001,84
295101053002,84
295101053003,84
295101054001,84
295101054002,84
295101055001,84
295101055002,84
295101055003,84
295101061001,84
295101061002,84
295101061003,84
295101062001,76
295101062002,76
295101062003,84
295101063001,76
295101063002,76
295101064001,76
295101064002,76
295101064003,76
295101065001,84
295101065002,84
295101065003,84
295101066001,84
295101066002,84
295101067001,76
295101067002,76
295101067003,76
295101067004,76
295101072001,76
295101073001,76
295101073002,76
295101073003,76
295101073004,76
295101073005,76
295101073006,76
295101074001,76
295101074002,76
295101074003,76
295101075001,76
295101075002,76
295101075003,76
295101076001,76
295101076002,76
295101076003,76
295101081001,76
295101081002,76
295101081003,76
295101082001,66
295101082002,76
295101083001,66
295101083002,66
295101096001,77
295101096002,77
295101096003,77
295101096004,77
295101096005,76
295101097001,77
295101097002,77
295101101001,76
295101101002,76
295101101003,76
295101102001,77
295101102002,77
295101102003,77
295101103001,77
295101103002,77
295101104001,79
295101104002,79
295101104003,77
295101105001,79
295101111001,79
295101111002,77
295101112001,77
295101113001,77
295101113002,77
295101121001,84
295101121002,84
295101121003,84
295101122001,84
295101123001,77
295101123002,84
295101123003,84
295101124001,77
295101124002,77
295101124003,77
295101135001,80
295101135002,80
295101141011,80
295101141012,82
295101141013,82
295101141014,80
295101141021,82
295101141022,82
295101141023,82
295101141024,82
295101142001,80
295101142002,80
295101142003,80
295101142004,82
295101142005,82
295101143001,82
295101143002,82
295101143003,82
295101143004,82
295101143005,82
295101143006,82
295101151001,82
295101151002,82
295101151003,82
295101151004,82
295101151005,82
295101152001,80
295101152002,80
295101152003,82
295101153001,81
295101153002,81
295101153003,81
295101153004,81
295101153005,81
295101154001,81
295101154002,81
295101155001,81
295101155002,81
295101155003,81
295101155004,81
295101155005,81
295101155006,81
295101155007,81
295101156001,81
295101156002,81
295101156003,81
295101156004,81
295101156005,81
295101157001,81
295101157002,78
295101157003,81
295101157004,80
295101161001,80
295101161002,80
295101161003,80
295101161004,80
295101162001,80
295101162002,80
295101162003,80
295101162004,80
295101162005,80
295101163011,80
295101163012,80
295101163013,80
295101163021,80
295101163022,80
295101163023,80
295101164001,78
295101164002,78
295101164003,78
295101164004,78
295101164005,80
295101164006,80
295101165001,80
295101165002,78
295101165003,80
295101165004,79
295101171001,80
295101172001,79
295101172002,80
295101172003,80
295101172004,80
295101172005,80
295101174001,79
295101174002,79
295101174003,80
295101174004,79
295101181001,79
295101186001,77
295101186002,77
295101191011,77
295101191012,77
295101191021,77
295101191022,77
295101191023,77
295101192001,77
295101193001,79
295101193002,77
295101193003,77
295101202001,79
295101212001,79
295101212002,79
295101231001,79
295101231002,79
295101231003,79
295101231004,79
295101232001,78
295101232002,79
295101233001,79
295101233002,78
295101241001,78
295101241002,78
295101241003,81
295101241004,78
295101241005,78
295101242001,78
295101242002,78
295101242003,78
295101243001,78
295101243002,81
295101246001,78
295101246002,81
295101255001,78
295101255002,78
295101255003,79
295101256001,78
295101256002,78
295101256003,78
295101257001,78
295101257002,78
295101266001,78
295101266002,78
295101266003,78
295101267001,77
295101268001,83
295101268002,83
295101268003,83
295101268004,83
295101269001,76
295101269002,76
295101269003,76
295101269004,76
295101269005,76
295101270001,66
295101270002,76
295101271001,79
295101271002,78
295101272001,80
295101272002,80
295101272003,83
295101273001,79
295101273002,79
295101273003,79
295101273004,79
295101274001,78
295101274002,78
295101274003,79
295101275001,79
295101275002,79
295101276001,78
295101276002,78
295101276003,78
295101277001,77
295101277002,77
295101277003,79
295101278001,79
295101278002,79