GEOID20,POP20,votes_dem,votes_gop,WHITEPOP (non-Hisp),BLACKPOP,HISPLATPOP
29001950100,3706,607.9339678,991.7347053,3512,4,45
29001950200,2811,512.5568141,882.1976507,2684,3,36
29001950300,2925,459.5057258,533.2773742,2278,286,116
29001950400,4193,804.1736587,960.9564617,3448,336,110
29001950501,3923,605.1006801,748.3952813,3314,133,105
29001950502,3263,577.2572101,645.8319316,2746,168,100
29001950900,2149,357.3639201,326.9638382,1699,213,61
29001951000,2344,247.6635804,176.420535,1909,136,88
29003010100,6212,1213.944445,1841.055556,5648,102,169
29003010201,3962,667.5018583,996.4034591,3675,23,97
29003010202,2939,495.4981421,734.8743191,2714,21,44
29003010300,1975,242.4726279,348.232285,1860,6,33
29003010400,3047,606.3888894,1006.611112,2859,4,48
29005950100,3058,543.6565908,893.1865322,2878,13,49
29005950200,2247,410.7322987,645.480135,2105,10,24
29007950100,3796,465.9359834,625.683749,3191,307,91
29007950200,4791,767.1014688,1225.900766,4498,20,66
29007950300,3634,460.3247026,777.5398326,3417,12,100
29007950400,2720,338.8918916,409.8794608,2171,247,86
29007950500,3724,521.3608329,693.4740561,3027,229,200
29007950600,2648,404.9324012,516.9391135,2204,174,82
29007950700,3649,566.2050613,711.7494841,2942,318,106
29009960101,2938,539.5172577,997.4893237,2706,0,79
29009960102,2660,485.5448251,753.2800714,2387,5,77
29009960201,2655,379.2405637,671.5320145,2154,3,182
29009960202,3234,503.7244058,880.2861604,2433,6,604
29009960301,3740,458.3703713,654.1861932,2296,5,1187
29009960302,3026,396.7863187,601.5776306,2031,8,509
29009960401,3962,539.2828234,945.678221,3485,8,116
29009960402,3603,491.5573982,863.4338473,2895,38,242
29009960500,6150,824.2865398,1356.861338,5327,25,294
29009960600,2566,545.6339424,838.7307594,2344,8,43
29011960100,2865,495.356847,876.8057438,2468,9,70
29011960200,3804,663.2118846,1223.510702,3490,3,42
29011960300,4968,811.0174092,1387.83893,4409,20,154
29013070100,4985,963.2641524,1528.255591,4712,15,70
29013070200,4055,752.1906162,1176.377753,3734,20,67
29013070300,4470,735.1820446,1092.336956,3966,103,161
29013070400,2532,441.0298543,717.6408112,2387,17,37
29015460100,3230,167.1360497,267.8209938,3037,9,29
29015460200,2383,412.9332008,705.6012924,2228,5,41
29015460300,4603,790.9814366,1142.838798,4165,23,115
29015460400,2204,367.6498823,583.8273592,2069,5,35
29015460701,1260,256.071667,372.9592923,1170,0,22
29015460702,1611,352.9571873,490.6220054,1499,9,14
29015460801,1633,113.8061628,167.470253,1498,8,29
29015460802,2470,465.6440212,711.5400015,2268,17,25
29017950100,4115,715.6977365,1261.868097,3813,17,74
29017950200,3858,678.4064299,1195.728669,3613,12,55
29017950300,2594,465.1360439,853.9986363,2436,10,24
29019000200,1698,441.21497,266.4021521,1250,192,111
29019000300,2622,546.2058072,396.8432882,2073,89,113
29019000500,5226,794.388411,651.6539492,4119,240,245
29019000600,4558,1500.718585,1135.757514,4017,107,124
29019000700,3345,1019.958634,624.2691907,2420,463,170
29019000900,1389,304.1011616,175.5463492,760,427,68
29019001001,5042,1155.44678,800.5480594,3680,455,205
29019001003,4108,901.3587702,776.717328,2895,498,238
29019001004,4170,875.0279811,854.9980602,2950,409,420
29019001105,3350,636.0591345,429.3592581,2206,381,205
29019001106,6434,1337.109504,997.6790107,4352,789,432
29019001107,3912,990.5581844,926.0530886,3161,208,146
29019001108,2901,792.0217368,675.5724022,2348,149,121
29019001109,5811,1383.411614,1164.333407,4227,547,272
29019001110,7723,1814.853415,1846.240517,5994,427,279
29019001201,6064,1784.735638,1563.948437,4839,338,205
29019001202,5315,1709.418364,1517.041939,4292,273,169
29019001300,4074,918.3356609,724.5613227,2465,690,234
29019001401,6421,1490.556357,1331.736255,4404,931,289
29019001402,5964,1467.813506,1290.591467,4187,707,300
29019001503,4339,831.3865572,736.9597295,2624,1009,236
29019001505,3504,696.3963593,531.7452446,1883,1017,258
29019001506,3167,369.0612634,297.9603649,1840,780,180
29019001507,3277,592.8414509,450.5127511,1639,680,493
29019001508,5723,1204.525284,1012.378298,3490,1165,347
29019001602,4626,1135.067795,1230.144393,3924,197,115
29019001603,3694,817.5867424,890.175417,2671,524,146
29019001604,4506,1003.482479,895.7315783,2843,926,198
29019001702,5745,1362.501608,1504.162134,4822,256,130
29019001703,3658,778.7298486,1042.919133,3345,28,52
29019001704,4711,985.3237468,1361.209091,4296,40,115
29019001803,4414,1079.376107,1278.938534,3709,176,131
29019001806,5526,1384.978583,1458.172401,4393,349,175
29019001807,5570,1410.011482,1317.959021,4106,460,224
29019001901,4530,927.2445575,1317.417442,4070,60,125
29019001903,4870,973.4010608,1325.559665,4303,67,107
29019001904,4225,836.9750254,1264.169426,3868,38,55
29019002000,5458,980.1666672,1486.222222,5008,63,127
29019002100,4023,747.7303248,439.3848982,2167,1180,169
29019002200,7917,853.1132353,649.504641,6131,765,323
29021000100,6343,1154.294589,1442.479187,5009,341,349
29021000200,4336,954.5584228,1202.724027,3750,132,214
29021000300,2701,452.6063802,563.4671437,2273,104,152
29021000400,1563,210.3171304,260.1542754,1226,47,147
29021000500,2852,465.7839161,567.1336452,2407,78,157
29021000600,4814,734.4482603,842.1507268,3840,483,241
29021000701,4576,815.5345347,1065.586214,3658,396,207
29021000702,4334,796.1206842,1002.717522,3181,414,246
29021000900,4521,772.346561,822.8801965,3408,266,368
29021001000,2279,269.7623864,236.1712742,1373,400,294
29021001100,2259,319.1739672,334.2560081,1722,151,155
29021001200,1890,227.6352005,211.0609629,1367,206,164
29021001500,4912,855.4422733,930.3640523,3807,232,409
29021001600,2556,493.3256384,558.007929,2066,135,176
29021001700,4308,686.7862424,838.1511427,3570,166,261
29021001800,3338,585.3384326,705.8350454,2858,81,191
29021002100,2188,354.5539372,466.9146815,1726,119,211
29021002200,1956,419.5745734,601.2696108,1755,22,78
29021002300,2229,450.0215998,608.0911973,1891,41,186
29021002400,1907,255.9197443,332.5973432,1408,48,295
29021002500,1973,264.7769562,344.1083157,1624,45,175
29021002700,3514,713.7758367,1032.145399,3116,105,87
29021002800,4842,1026.971465,1580.057038,4481,22,122
29021002900,3059,533.9752836,788.083672,2843,10,72
29021003001,2961,434.6056108,476.6833486,2261,129,343
29021003002,2582,361.7948225,326.2989369,1771,250,300
29023950101,3675,592.4643332,1038.791807,3397,30,66
29023950102,1872,301.3808232,534.8714553,1721,3,30
29023950201,5476,893.8434072,1611.605766,4907,142,92
29023950202,6018,911.7003564,1713.407718,5427,122,112
29023950301,3745,579.8781722,893.3298677,3125,225,94
29023950302,3289,438.893494,649.8916376,2613,298,108
29023950400,3171,383.0310279,484.1308544,2113,659,80
29023950500,2285,243.6926179,366.6704615,1803,228,42
29023950600,3834,608.0157931,1096.417596,3526,58,60
29023950700,2587,271.3232557,396.6652236,1933,288,72
29023950800,2808,293.818323,439.0875107,2246,253,88
29023950900,3370,457.7312721,810.1778654,2934,182,57
29025950100,2614,399.6517808,641.3701454,2452,12,20
29025950201,2979,375.7739038,599.2556688,2711,56,61
29025950202,3222,587.4380738,914.0837865,3009,1,70
29027070100,4798,919.1273129,1418.50644,4393,58,95
29027070200,3298,643.6077104,960.2733675,2955,30,38
29027070301,4021,467.8864464,578.1367989,3352,374,83
29027070302,3308,397.51378,459.8287561,2599,421,68
29027070400,5720,787.474468,918.978264,4455,633,179
29027070500,4900,936.1534304,1316.888195,4430,91,94
29027070601,3495,664.6032614,1005.615546,3193,28,66
29027070602,3255,622.3134603,916.4994703,3018,7,27
29027070701,2296,469.114047,707.6381708,2087,18,48
29027070702,3821,713.198884,1030.855872,3369,100,95
29027070800,5371,999.6723491,1454.143702,4602,214,172
29029950101,2561,531.1627272,794.2791659,2332,37,40
29029950102,2403,498.3928286,745.2763903,2210,5,74
29029950201,3635,689.3617449,1019.027691,3016,85,308
29029950202,2755,525.2556441,777.8295673,2466,17,90
29029950301,1487,307.4034041,484.9709675,1365,6,29
29029950302,931,232.1721811,335.6984804,882,0,11
29029950401,2087,361.1357235,525.4087825,1807,17,90
29029950402,1878,322.2209862,480.0840538,1741,4,40
29029950500,3707,639.4237054,984.5571929,3177,37,213
29029950600,3885,752.2955659,1170.718929,3559,17,125
29029950701,2099,499.4477485,727.86079,1978,2,50
29029950702,1005,224.2351935,367.9588842,938,3,16
29029950801,2626,501.5781884,875.4108439,2424,5,58
29029950802,3781,758.8193722,1199.877628,3412,11,107
29029950900,3027,567.6988172,1018.510127,2849,1,47
29029951101,1580,358.8470109,526.8430775,1492,5,19
29029951102,1231,290.4920087,427.3032372,1143,4,12
29029951201,1060,250.6822344,368.7835775,993,2,9
29029951202,1007,235.0898575,345.6256633,930,0,17
29031880100,6095,1238.806494,2299.923894,5687,24,82
29031880200,4133,723.3076324,1270.235477,3829,43,56
29031880300,5273,1035.815887,1902.995103,4860,60,72
29031880401,5778,1074.547785,1700.02432,5258,84,92
29031880402,2500,449.5083909,690.8612578,2167,128,46
29031880501,5536,942.2817365,1471.565136,4974,98,115
29031880502,4283,798.9236553,1226.074571,3827,112,93
29031880600,7583,1222.830907,1866.65176,6704,271,154
29031880700,5025,1041.841316,1293.02179,4198,342,93
29031880800,4347,620.3748565,642.2954944,3363,502,204
29031880900,2561,318.3402896,323.0705863,1484,641,73
29031881000,1749,252.4961922,200.4616512,1178,329,63
29031881100,3229,511.7568602,598.6828917,2486,337,165
29031881200,6794,1382.511845,1800.164373,5543,521,173
29031881301,3804,693.511782,865.7231313,2885,458,154
29031881302,2511,449.3423425,495.2005682,1508,643,159
29031881400,2429,367.7394928,318.7359006,1096,978,197
29031881500,5066,863.0049946,1262.256417,4512,134,136
29031881600,3014,447.6354031,461.0499689,1834,798,107
29033960100,2225,365.3966516,590.0588124,2085,17,36
29033960200,2419,495.9445607,851.3039261,2299,20,19
29033960300,3851,641.088918,1012.408051,3522,60,77
29035960100,3256,493.4169245,960.5985586,3009,3,62
29035960200,1946,445.9719651,711.0125531,1785,10,35
29037060001,4796,962.4829552,1163.453619,3839,268,360
29037060003,3615,628.277778,701.2777782,2620,275,361
29037060004,5345,1076.456406,1271.612398,3996,292,585
29037060100,1413,268.0510621,313.3335908,943,130,144
29037060202,4854,913.7722182,1068.707168,3950,187,327
29037060305,4789,982.6499624,1130.636825,3821,429,246
29037060306,6714,1368.006547,1555.98649,5009,796,380
29037060307,4891,944.6076243,1095.701182,3676,631,210
29037060308,4474,881.4363907,1091.333161,3666,254,193
29037060309,4475,838.4954461,1023.329463,3604,282,229
29037060401,2238,510.3761443,677.464298,1933,67,85
29037060402,3326,715.9278871,1032.326362,2993,24,107
29037060500,2916,639.7789965,932.4570046,2640,34,78
29037060601,4916,942.599354,1330.436342,4446,28,142
29037060602,4028,724.6772056,1023.66221,3488,32,225
29037060700,3581,705.6611333,1136.483906,3239,20,98
29037060800,6203,1285.483637,1841.005047,5615,39,165
29037060904,3229,533.851784,736.0152801,2812,45,137
29037061001,4545,938.4451661,1299.883038,4031,70,151
29037061002,7414,1508.950573,2127.799946,6378,147,297
29037061100,4179,941.2199005,1429.168494,3871,17,85
29037061200,4032,787.9093714,1255.571988,3640,17,127
29037061300,6581,1228.440105,1324.374746,4620,832,649
29037061400,5270,839.4423575,1166.201895,4576,102,202
29039870101,2647,244.0437659,356.3062998,2408,17,54
29039870102,3419,390.0752154,587.4296576,3095,29,53
29039870200,4857,676.8075065,1284.609318,4390,13,101
29039870300,3265,488.7096767,784.6253426,3006,5,53
29041470100,2220,403.9508131,618.1192337,2125,1,19
29041470200,2372,446.0012328,619.830002,2136,108,47
29041470300,2816,514.270724,791.1578806,2664,40,35
29043020101,3106,511.6687465,851.7046945,2839,2,62
29043020102,6333,681.6578465,1017.167051,5724,29,179
29043020201,4508,849.7084362,1255.946901,3976,27,147
29043020202,6771,1290.580077,1939.259924,5825,73,353
29043020204,4714,855.0000113,1243.869157,4191,44,145
29043020205,6682,1225.607598,1761.234874,5716,71,304
29043020206,4566,881.9132122,1245.633987,4012,51,150
29043020207,5045,750.364565,1082.754902,4441,57,153
29043020302,6449,1140.944451,1781.493577,5682,42,285
29043020303,5764,952.4537706,1516.793265,5132,40,198
29043020304,3675,551.4773392,866.8408545,3204,17,161
29043020307,4571,738.5183326,1136.385032,4097,24,141
29043020308,2946,437.5175091,679.2495905,2526,35,129
29043020309,1930,309.4086028,476.4764883,1696,30,72
29043020310,6528,1175.244239,1801.3753,5895,42,206
29043020401,3869,754.1151731,1306.343726,3565,7,59
29043020402,4032,680.131817,1194.948394,3613,8,92
29043020501,4252,773.2112424,1334.377836,3856,13,107
29043020502,3101,509.9235527,901.4816286,2900,4,69
29045950100,1927,320.1213268,521.9333329,1844,5,5
29045950200,1936,330.2033643,428.5618138,1856,6,13
29045950300,2771,236.317021,507.0466403,2637,12,32
29047020201,5423,942.8703385,741.5967149,3029,837,689
29047020202,4867,1022.384059,942.2144676,3639,336,396
29047020300,6688,1408.982032,1333.256651,4293,798,724
29047020400,2561,498.4726297,412.5152228,1358,501,330
29047020500,6252,1319.868025,1152.551432,3902,974,651
29047020602,4417,799.9103135,609.5066554,2367,1081,491
29047020603,4196,831.3803734,806.4538066,2985,350,432
29047020604,5484,1184.786073,1040.540611,3299,876,714
29047020802,2656,603.7821088,647.6054689,2233,97,138
29047020803,2906,677.0511615,729.8676658,2280,160,213
29047020901,6107,1476.304727,1471.28999,4564,386,569
29047020902,2562,594.0523679,571.6374338,1899,136,288
29047021001,3716,757.2182963,726.3150787,2577,374,417
29047021003,4115,968.10261,903.8405916,3060,394,287
29047021004,3068,704.9543585,711.5965489,2313,170,295
29047021101,5123,1099.783982,1060.288971,3851,338,435
29047021103,3772,920.648653,901.3693106,2786,260,313
29047021104,3187,689.8565184,681.189685,2344,265,221
29047021105,3736,827.0157713,795.2350326,2638,367,318
29047021204,5679,948.0887012,782.5918527,3558,702,701
29047021208,6058,1193.667336,1041.322595,3860,1004,602
29047021209,4461,1143.72245,1186.453288,3457,307,359
29047021210,4368,859.0188683,826.5283018,3144,377,343
29047021211,2804,555.5073622,569.2696849,2145,197,210
29047021212,6754,1139.944133,1209.984588,4877,642,499
29047021213,3193,595.062514,609.7930075,1877,672,321
29047021214,1417,258.5463448,261.6647442,1069,129,94
29047021303,5065,876.7804697,1009.712835,4242,174,225
29047021307,7622,1472.764996,1455.057136,5508,648,626
29047021309,5911,1080.242531,1355.779661,4955,211,214
29047021311,2866,574.7213433,622.9378485,2218,192,211
29047021312,7620,1277.916101,1494.152268,6222,331,437
29047021313,8275,1586.096816,1733.081509,6285,482,675
29047021314,7251,1367.975564,1532.326087,5722,393,570
29047021401,4628,935.0827573,988.5207363,3859,240,219
29047021403,2995,614.6864031,633.2402038,2420,125,170
29047021404,4816,969.9744185,1046.975839,3974,261,225
29047021601,4767,1002.515465,1051.384652,3786,272,310
29047021602,3505,837.5854644,1033.904367,3112,38,98
29047021701,5379,1020.525962,1265.363155,4777,77,191
29047021703,2543,471.4606048,568.4257685,2280,36,73
29047021704,3322,582.8190868,756.4848472,2816,69,142
29047021806,4066,781.2405735,1037.518484,3625,40,157
29047021807,4233,904.0157028,1026.056668,3260,269,330
29047021808,4648,1058.215557,1199.085024,3775,278,268
29047021809,4566,974.8646462,1439.348644,4183,21,152
29047021810,3033,729.4721686,1007.913199,2723,15,120
29047021811,3537,745.9115834,1024.771041,3212,16,111
29047021812,5577,997.6718452,1406.416847,5023,27,172
29047021900,6768,1387.033613,1832.066038,6041,86,274
29047022000,6540,1287.192002,1684.260872,5872,50,209
29047022100,5343,1245.883724,957.2599192,3724,664,508
29047022200,4110,882.3175442,850.7652211,2928,220,561
29047022301,3180,748.4929361,809.6975924,2586,172,188
29047022302,5599,1316.217274,1474.774574,4750,134,364
29049960100,5430,855.7597624,1237.652444,4874,35,144
29049960201,3045,615.6624719,889.8542537,2790,6,68
29049960202,4012,741.1159279,1081.015921,3709,10,89
29049960300,4228,779.1150429,1073.452628,3746,130,120
29049960400,4469,922.624574,1335.191422,4145,28,81
29051010300,4815,798.7261645,896.8039971,3632,696,163
29051010401,3714,803.3972329,975.9255312,2985,388,71
29051010402,2987,615.496559,692.338683,2457,231,95
29051010500,4313,819.0607624,737.2430973,2601,1170,190
29051010600,3661,559.1304661,587.7585195,2219,752,181
29051010701,6009,1287.778617,1637.693549,4770,500,251
29051010702,5083,1068.659954,1328.960286,4048,494,175
29051010801,5920,1184.239829,1522.967426,4553,663,300
29051010802,3670,789.7727705,932.800857,3086,146,201
29051010901,3568,946.7268788,1127.361321,3143,155,74
29051010902,2698,593.4031329,607.2352755,2139,281,91
29051020198,7347,1182.459714,1861.535143,5832,1139,178
29051020200,4632,1047.032174,1728.40368,4372,31,54
29051020300,3494,746.9596605,1254.016236,3326,13,39
29051020400,6531,1299.932225,1713.183343,4933,652,416
29051020500,2761,556.1954505,922.8077475,2555,9,36
29051020600,4167,907.0982316,1409.904449,3833,58,93
29051020700,1909,324.9301805,289.7275332,990,745,53
29053950100,3341,610.1421004,913.7819361,3097,31,48
29053950200,2640,415.5435716,530.80997,1893,524,45
29053950300,4078,805.8845348,1073.072335,3420,196,117
29053950400,2434,427.3324549,573.4058826,2031,143,60
29053950500,4610,860.6752428,1363.663549,4289,30,52
29055450101,1794,268.5217614,431.6062468,1680,12,31
29055450103,3209,514.1384476,780.7895013,2960,12,60
29055450104,2883,420.3989989,650.8199933,2667,11,46
29055450200,3771,627.7138083,1068.514931,3469,15,44
29055450301,2227,333.7713438,540.8786901,2027,7,43
29055450302,4326,647.7465725,1043.560763,3856,31,176
29055450401,1979,302.0948606,544.4318249,1803,11,53
29055450402,2867,438.4475402,792.3424966,2518,49,29
29057480100,4621,819.1430734,1387.727542,4291,26,78
29057480200,2948,521.8438522,807.9225388,2704,10,57
29059480100,4760,393.8485586,640.6865049,4415,12,87
29059480200,5337,422.5617506,769.4489486,4824,11,130
29059480301,2799,343.0250082,567.7992768,2597,4,38
29059480302,4175,422.5315503,721.0986743,3860,19,65
29061470100,3217,524.3838469,873.5549345,3058,15,32
29061470200,5213,788.1161539,1225.167288,4866,18,81
29063080101,2157,355.2099504,628.1532614,2065,0,25
29063080102,5065,439.9114158,651.9406782,4066,663,130
29063080200,3807,722.3612772,1219.655524,3522,9,72
29065960100,4448,704.9543574,1243.283917,4126,11,52
29065960200,4945,858.1079843,1447.060763,4510,33,108
29065960300,2188,333.2240504,574.950702,1980,12,44
29065960400,2840,443.3350469,751.2780594,2587,14,67
29067950100,2764,631.6617802,1131.245204,2563,2,62
29067950200,4605,942.1576478,1683.689278,4261,14,86
29067950500,4209,373.9391055,840.3650935,3778,24,91
29069360100,2131,345.2196206,468.9627808,1170,741,47
29069360200,2568,416.0131325,565.1320603,2103,265,71
29069360300,3658,552.4225665,1040.243812,3415,25,71
29069360400,3751,458.9449577,752.2986284,3159,107,306
29069360500,2936,327.1707476,450.896438,1898,665,224
29069360600,4290,485.9474798,721.7313188,3017,768,274
29069360700,3576,440.4755305,627.4811922,2600,532,216
29069360800,2082,221.9779893,391.0303563,1456,35,530
29069360900,1666,231.8370725,410.2780531,1460,32,100
29069361000,1625,179.3797934,327.6675839,1351,14,203
29071800101,2534,514.5526323,716.5593597,2317,35,36
29071800102,2065,490.4268291,703.314878,1869,15,62
29071800103,2224,421.9465058,609.2869253,2002,20,53
29071800104,1857,393.3317066,596.2155509,1738,4,33
29071800201,5231,974.3249673,1237.024087,4726,38,176
29071800202,6435,1253.284529,1774.260262,6003,21,123
29071800301,2969,590.2194899,862.1683449,2750,21,43
29071800302,4714,864.7772414,1134.261123,4291,39,134
29071800401,5406,986.9920513,1604.753734,4943,29,128
29071800403,4052,831.892752,1339.807206,3863,12,42
29071800404,2941,560.1243031,937.2146,2806,6,33
29071800501,4116,810.3535023,1249.443789,3874,13,72
29071800502,2902,538.7343517,848.9767559,2721,4,23
29071800603,4211,611.6812569,893.1734139,3783,66,123
29071800604,3665,508.241615,721.4720107,3231,46,125
29071800605,4377,768.8013971,1121.969331,3993,28,93
29071800606,5021,813.5771953,1171.614657,4484,76,109
29071800702,3326,651.8224479,871.9033331,2974,27,92
29071800703,4458,832.5037692,1129.055673,3978,74,101
29071800704,2992,555.5643121,732.9136936,2536,61,122
29071800801,5385,1016.569507,1468.605879,4965,33,83
29071800802,1962,361.5515289,520.8426682,1763,71,27
29071800901,2793,465.4002785,719.0170047,2589,16,36
29071800903,3314,464.9360259,699.2138806,3008,47,69
29071800904,3893,552.3272058,835.5727546,3508,50,76
29071801000,3650,686.335262,1071.144251,3435,19,29
29071801101,4088,550.916574,822.1138411,3710,23,106
29071801102,4101,688.5954385,1027.122478,3820,10,56
29073960100,2453,484.3272987,687.019702,2297,8,32
29073960200,1690,355.7008993,561.1464527,1608,3,18
29073960300,2889,558.1945643,946.2618493,2693,1,31
29073960400,3239,478.077584,793.9727295,2944,9,60
29073960500,4523,790.4774322,1357.377046,4163,2,48
29075960100,2848,512.1577571,812.0262674,2690,5,46
29075960200,3314,551.5089098,964.1959555,3161,10,44
29077000101,949,115.2092953,88.56121695,783,50,48
29077000102,1595,193.6341682,148.8463025,1178,83,121
29077000200,4629,512.9047697,365.5181355,3292,419,324
29077000300,3126,467.1200773,430.586838,2650,78,152
29077000400,4349,767.5196853,743.8902217,3580,149,265
29077000501,2228,323.4709753,271.6779285,1636,179,174
29077000502,3371,502.532335,413.0805668,2548,258,201
29077000600,2612,387.9355624,403.2747685,1967,257,106
29077000700,4607,605.1974901,541.6996401,3418,458,262
29077000800,3414,470.2079565,505.4928695,2534,312,198
29077000900,5097,1024.627758,831.5637725,3968,231,292
29077001000,2202,590.5460768,483.0927545,1944,26,68
29077001100,3461,706.671899,735.1663904,2802,117,222
29077001200,3821,853.4873301,828.7475363,3097,163,232
29077001301,2234,476.5413591,461.6544982,1702,91,188
29077001302,2540,448.1321143,500.6027049,1998,110,159
29077001401,2861,502.8943439,502.3457142,2136,105,297
29077001402,1950,345.6999047,344.5306906,1531,62,104
29077001500,5201,961.5483633,1007.799227,4033,169,390
29077001700,3217,407.6813482,462.6089352,2580,160,182
29077001800,3340,474.0895869,488.0791159,2545,182,211
29077001900,3000,425.144139,458.2829809,2291,202,174
29077002200,4595,711.1499464,834.4640204,3410,287,414
29077002300,5433,1070.133363,1119.401522,4313,237,347
29077002402,4115,869.5050573,907.8822118,3372,135,242
29077002502,5630,1122.013407,1226.132908,4505,227,255
29077002600,4997,1234.549403,1351.580985,4403,110,157
29077002700,2539,478.183237,540.6203426,2057,72,115
29077002800,1849,326.2190075,364.4151188,1523,56,107
29077002900,4038,879.1528861,1033.011212,3423,94,166
29077003003,178,24.73620068,26.03913851,123,15,11
29077003004,5327,959.8478838,1104.910051,4054,292,421
29077003100,3041,434.4875062,515.1347476,2315,128,304
29077003200,4152,646.3773767,700.9512709,3083,265,321
29077003300,3728,486.9470098,611.5838483,2822,230,238
29077003600,2791,380.5119933,480.9482699,2110,208,169
29077003701,5631,1228.290614,1585.917755,5019,51,150
29077003702,2916,564.5630588,794.2614519,2592,27,77
29077003801,3798,919.7088219,1215.841509,3327,31,90
29077003802,3959,977.8209981,1279.532459,3484,26,79
29077003900,3409,732.8508552,888.0013504,2833,60,145
29077004002,4069,1021.788555,1305.291755,3538,60,139
29077004003,5179,1196.574821,1476.669668,4468,82,149
29077004004,2705,603.8401311,715.2889869,2153,55,169
29077004005,3165,691.0518727,788.4714316,2769,55,105
29077004104,3699,799.56183,1100.356769,3169,56,148
29077004105,4858,1024.687952,1389.72054,4050,76,166
29077004106,4523,939.5510839,1262.647229,3870,71,118
29077004107,4015,726.3523519,890.9216088,3264,117,198
29077004108,2421,505.6606514,632.1339381,2042,56,86
29077004109,5383,1102.105128,1436.689443,4346,124,221
29077004201,4881,872.7652657,1115.904637,4063,147,257
29077004202,6703,1244.065518,1561.141457,5178,375,376
29077004303,2011,328.9704308,453.1054133,1727,51,62
29077004304,2134,299.5129401,410.0225509,1632,59,220
29077004305,5231,959.2591576,1283.071912,4359,166,238
29077004306,3905,834.8490848,1086.555411,3238,96,221
29077004401,3449,571.0510327,762.6030106,2824,185,123
29077004402,3632,671.7682794,922.320808,3024,155,131
29077004500,2807,506.2533374,690.2710934,2384,66,113
29077004601,4282,795.856862,1273.506143,3874,24,120
29077004602,3486,681.8653604,1127.549413,3199,6,61
29077004700,6014,331.5493357,397.1643917,5509,38,121
29077004802,8041,1330.630373,2066.452863,7031,80,264
29077004803,6099,931.3538262,1431.668336,5327,78,196
29077004804,5632,912.5040987,1410.277149,4815,92,264
29077004805,3308,583.7368469,903.400782,2783,65,186
29077004900,6396,1296.975427,2093.419602,5820,19,151
29077005001,3655,528.8135857,829.4366113,3320,11,90
29077005002,7178,1077.772239,1734.163648,6427,51,199
29077005100,4000,712.2070195,1165.615186,3553,30,115
29077005201,3063,684.4336517,1054.589448,2721,17,102
29077005202,3791,787.9912555,1308.009293,3441,14,87
29077005500,4267,543.6830323,532.1830934,3172,446,222
29077005600,3502,523.750659,648.1518899,2961,119,151
29077005700,3791,879.8081749,879.1989949,3143,114,211
29077005801,2689,403.8125266,438.0109164,1847,390,257
29077005802,3021,424.1124996,456.7884943,2346,175,177
29079960100,2084,341.2304813,584.1853367,2017,2,25
29079960200,2069,318.4112895,539.6944918,1948,5,37
29079960300,2244,304.383151,498.6990997,2030,20,82
29079960400,3411,561.1973006,899.865517,3126,29,97
29081950100,3169,494.1943662,941.4370769,2973,15,39
29081950200,2239,335.7243503,563.6254136,2126,10,36
29081950300,2749,389.1368395,627.3263995,2519,12,93
29083950100,2891,434.677024,723.5455822,2618,6,88
29083950200,3606,644.3585529,1007.202818,3361,6,58
29083950300,3182,562.3155827,843.40354,2887,10,81
29083950400,2917,458.6442085,694.3114411,2732,19,49
29083950500,3994,673.6124516,928.3864321,3519,62,118
29083950600,5356,883.6376155,1228.716207,4683,84,179
29085470100,2652,516.4586131,754.2150594,2453,4,46
29085470300,2234,452.6056834,686.3174483,2054,7,39
29085470501,1549,341.1658741,572.4364365,1412,4,22
29085470502,1844,370.6021335,550.2285644,1729,3,25
29087960100,1164,207.2357545,345.1234138,1102,2,23
29087960200,1379,239.3676484,386.7604373,1290,3,31
29087960300,1680,305.1278972,494.7145319,1600,5,13
29089960100,2987,578.03024,816.700323,2715,100,32
29089960200,3272,591.4068098,851.9660614,3042,37,28
29089960300,3892,632.2339562,774.3457574,3069,405,148
29091090101,2542,389.2407051,672.0949545,2272,2,68
29091090102,2786,433.9416257,742.144769,2474,17,64
29091090200,3974,548.4893265,984.5137289,3598,11,100
29091090300,4545,743.6504723,1342.463453,4132,8,74
29091090400,4585,551.6435082,1190.257852,4266,15,64
29091090500,4833,725.9209886,1273.264652,4463,13,72
29091090600,4886,781.5364554,1356.588769,4452,9,104
29091090700,5079,674.6253063,1031.676515,4529,48,160
29091090801,3264,452.9067742,708.4650217,2903,28,86
29091090802,3256,523.1903672,798.8779779,2883,43,104
29093950100,2509,395.4096134,648.5530834,2319,21,43
29093950200,2481,399.4600717,628.7404998,2195,26,72
29093950300,2686,415.7877655,632.417471,2424,52,37
29093950400,1861,332.009217,544.5111691,1664,48,25
29095000300,2087,362.9444445,236.2222222,1120,513,171
29095000600,4653,447.5876401,306.858842,877,459,2809
29095000700,4056,437.2782293,307.8602797,966,504,1830
29095000800,4334,499.2855153,337.9302298,1131,738,1713
29095000900,3005,357.5550703,233.9325648,976,545,1026
29095001000,2910,413.9256783,266.9988931,778,1210,472
29095001100,2378,467.3813255,266.8441727,1589,309,254
29095001800,3161,375.837404,206.5807842,648,980,1046
29095001900,3380,297.2830762,178.2121147,550,584,1859
29095002000,2315,183.5785225,131.6602056,403,153,1611
29095002100,4470,382.446591,243.0913957,705,1111,2273
29095002200,3224,275.0097857,176.6005534,541,756,1682
29095002300,2149,282.6820773,127.0839755,286,732,1021
29095003400,3288,426.6799403,165.5993244,448,1011,1699
29095003700,1049,225.9337734,113.9013816,112,675,211
29095003800,1538,392.8516845,189.5163743,153,1187,91
29095004300,2794,735.8495225,417.907793,1585,712,199
29095004400,1495,423.4107686,250.1508221,1140,84,131
29095004600,2689,898.4930225,494.2867703,1798,326,327
29095005100,1620,448.9573228,269.5064005,1077,208,131
29095005200,1038,242.8752482,108.9155114,201,725,52
29095005300,1437,395.9661366,193.2956864,383,798,136
29095005400,826,192.0106172,86.94880923,72,619,93
29095005500,927,231.5542524,104.330707,75,677,112
29095005601,1726,401.2231543,181.6872211,164,1234,226
29095005602,1420,358.6450376,158.2339105,95,1040,192
29095005700,2285,536.6361207,247.1155206,93,1803,252
29095005801,2172,437.3226131,246.2798188,160,1657,204
29095006000,1478,355.9376884,170.6745843,84,1138,179
29095006100,2695,659.1926802,301.5344607,195,2118,246
29095006300,1737,410.7358615,202.1146627,348,1086,172
29095006500,1632,559.2472474,305.2716718,1157,195,147
29095006600,1833,561.1866609,340.8022296,1396,125,110
29095006700,1807,561.6222738,337.0372962,1282,240,157
29095006900,1338,372.1032077,237.8280989,1025,109,88
29095007100,2993,905.1831439,560.8898284,2383,133,235
29095007200,2044,694.5989638,498.1120476,1790,32,97
29095007301,1818,430.9215725,299.2729906,1364,64,119
29095007302,1377,398.844428,274.2623041,1092,43,93
29095007400,4397,1174.494312,767.3655519,3508,93,273
29095007500,2727,598.4286449,290.3732528,1380,882,202
29095007600,2294,545.1436164,266.5596949,286,1642,205
29095007700,1665,401.2610026,176.6346782,217,1286,78
29095007802,2258,564.8120718,262.7073318,162,1855,128
29095007900,3498,929.4905963,422.3043516,207,2893,220
29095008000,3022,892.3976341,434.4380011,188,2490,190
29095008100,2113,614.3808768,298.3875231,590,1224,139
29095008200,2913,1069.993683,642.9780925,2350,125,175
29095008300,2337,893.2225301,667.4687594,2035,34,107
29095008400,2800,1038.071055,779.8093439,2492,42,96
29095008500,3573,1363.83228,957.1184711,3213,28,111
29095008600,5385,2088.878954,1381.319286,4570,274,251
29095008700,2558,690.5880019,341.5042179,404,1854,131
29095008800,3430,894.1297328,401.7437872,290,2766,241
29095008900,1950,481.6934444,265.9986449,79,1680,99
29095009000,4219,1283.818175,616.1389659,583,3161,217
29095009100,3735,1392.900668,868.3438224,2976,332,170
29095009200,2890,1074.509095,714.8641155,2487,74,133
29095009300,2394,831.0498148,553.3698394,1940,101,207
29095009400,4391,1331.312258,851.4723869,2517,1102,343
29095009500,3160,600.3940674,311.5675553,681,2032,193
29095009600,1555,277.9711123,143.9665514,329,982,144
29095009700,1592,308.1887681,155.1233191,357,998,90
29095009800,3484,991.1666667,667.8333338,2199,691,289
29095009900,2130,678.0842648,506.7056609,1609,174,142
29095010001,1801,572.0655145,438.0539809,1338,252,88
29095010002,3575,933.7024293,584.5773216,1523,1361,380
29095010103,2417,612.8717728,384.4927734,914,1134,186
29095010105,3510,1027.451238,870.9999638,2756,377,145
29095010201,1836,358.9246735,225.8170436,702,792,177
29095010203,4042,977.1056091,850.8507441,2340,1050,282
29095010204,4379,868.3767219,776.2739567,2230,1266,325
29095010500,4803,1067.449205,602.8412391,1432,2377,677
29095010600,3044,677.554912,511.5113195,1585,853,321
29095010702,3811,760.055555,558.6692042,1401,1805,356
29095011001,2451,270.4581279,275.8138894,1683,156,424
29095011002,2479,286.2913654,292.5166961,1588,235,420
29095011100,3168,587.0283335,629.6648612,2432,124,319
29095011200,3366,484.0706928,556.5892746,2444,211,365
29095011300,4810,728.6037641,851.9007703,3397,404,512
29095011405,2886,314.0175601,306.3098277,1349,694,480
29095011406,6000,1049.279971,1196.601939,4423,362,605
29095011407,3333,606.1818834,630.0835716,2311,320,364
29095011408,1546,284.6755848,294.0788083,1084,255,113
29095011409,1581,259.7940527,272.8987328,1191,113,129
29095011410,2553,364.3163987,393.5069026,1967,97,207
29095011501,4271,625.4348715,633.606327,2789,383,625
29095011502,1752,259.0343029,264.3693594,1038,277,193
29095011601,2759,417.0319782,402.2764492,1955,274,283
29095011602,2333,357.6528665,363.9931069,1808,175,171
29095011701,2113,279.3279681,262.255213,1263,245,436
29095011702,2257,343.1459141,331.1505119,1536,168,323
29095011800,5477,695.4790679,661.9007346,3439,488,1037
29095011900,3771,620.7081139,594.8601859,2379,307,778
29095012000,3647,623.9196737,613.3955728,2195,419,729
29095012100,5871,1030.799199,1065.155491,3736,577,979
29095012200,6548,1172.086271,1220.953285,4743,497,732
29095012300,3505,656.07819,709.4523989,2718,151,326
29095012400,4216,808.7581724,797.2884034,2726,605,522
29095012501,3727,776.4279417,617.9374709,1832,1252,347
29095012502,3056,692.8317276,602.656378,1794,758,224
29095012600,4803,1028.431787,814.5199249,2577,1310,489
29095012702,4214,1048.363255,886.4043413,2249,1410,209
29095012703,2307,530.1578051,508.2583246,1405,579,162
29095012802,3772,916.8489642,754.6892415,1895,1407,192
29095012803,2142,490.4551002,400.98454,1253,549,140
29095012804,6120,1481.577935,1060.105802,2649,2494,536
29095012903,3577,826.5364288,471.054373,993,1974,349
29095012904,2645,710.6832668,452.5158857,814,1354,233
29095012906,4562,1012.35748,593.0951118,1357,2373,373
29095013003,4842,1103.083185,692.2888358,1373,2578,513
29095013100,2983,696.4165854,433.6060485,977,1512,322
29095013203,4102,747.4190482,421.9837547,946,2301,572
29095013208,3022,587.572697,368.8491988,552,2104,207
29095013210,2564,477.9927715,279.4315221,534,1681,212
29095013301,4165,690.9938923,617.094172,2314,718,749
29095013307,2659,650.3073707,443.8047178,675,1515,238
29095013309,5040,1150.895736,788.7827714,1525,2683,386
29095013313,5162,1124.504045,901.6583222,2241,1733,775
29095013401,2802,500.0818842,430.2490941,936,995,610
29095013405,1981,437.2118055,403.8409724,1136,530,117
29095013407,2574,796.1009703,760.2299859,2100,213,89
29095013410,4037,703.7883251,484.7826854,2097,1091,452
29095013416,2344,545.6509709,405.1837945,689,1266,247
29095013417,2918,690.5618955,567.775793,1692,715,263
29095013418,2742,706.8009719,685.8537599,1968,353,149
29095013502,6065,1337.505633,1613.523258,5103,292,283
29095013504,3488,793.5506712,851.8108733,2626,372,192
29095013606,1445,358.8012082,411.9825748,1277,56,46
29095013612,7107,1868.160832,1911.414379,5478,716,271
29095013613,2588,613.1054483,663.5601076,2308,63,89
29095013614,1456,356.7449371,400.9342736,1158,107,50
29095013615,2052,507.0708016,577.7798844,1617,173,98
29095013705,1408,277.2648215,258.1194198,1112,79,91
29095013706,4211,819.9195433,770.6680601,2838,570,447
29095013707,2975,636.4981203,668.5615656,2235,254,172
29095013708,3279,843.5612191,926.328782,2723,167,163
29095013801,5724,1330.94624,1382.755176,4179,565,435
29095013803,5267,1255.459413,1302.517115,4109,428,300
29095013804,3122,750.0883807,784.4341573,2382,274,153
29095013902,1776,341.1486156,551.6297824,1556,21,58
29095013904,7294,1825.068101,1933.864528,5686,556,398
29095013916,6323,1489.47125,1578.464225,5074,433,320
29095013917,3837,798.3709751,1164.443439,3461,40,114
29095013918,3264,857.4966687,1126.549391,2977,33,61
29095014002,1797,439.0425074,605.0765988,1593,7,39
29095014004,3141,506.2839517,727.5569555,2648,82,155
29095014005,5284,886.2839259,1303.988024,4593,67,213
29095014006,6614,1149.728054,1538.003648,5535,139,417
29095014008,3931,672.7154421,838.5832676,3200,119,272
29095014009,3097,493.476002,649.7925565,2501,130,239
29095014111,4054,802.6538782,945.0006565,3033,446,216
29095014112,1801,330.1337301,395.5226268,1466,103,79
29095014120,3079,748.8175368,871.772933,2518,174,157
29095014121,7003,1289.029932,1450.645537,5437,408,508
29095014122,2455,511.478356,566.6130063,1934,187,154
29095014123,3140,584.7989298,599.6421807,2282,305,259
29095014124,3550,663.0713933,706.3092396,2685,268,229
29095014125,2074,481.1768422,571.7558506,1732,99,83
29095014126,5497,1182.269744,1323.324412,4107,421,412
29095014127,1884,343.8104573,358.9849895,1481,113,115
29095014128,5238,982.5301713,1027.52519,3802,570,380
29095014203,4155,1029.687201,1123.427197,3247,310,194
29095014205,3725,788.769453,802.9524409,2359,883,172
29095014206,5093,1132.018533,1306.950209,4344,213,197
29095014300,5483,1305.704327,1090.162063,3152,1523,333
29095014400,2951,733.1310429,598.8215853,1491,1015,133
29095014501,4106,838.9331637,857.5803108,2933,454,358
29095014503,1287,232.0894184,259.3169161,1073,88,50
29095014504,3538,699.3578312,792.1217622,2830,196,245
29095014601,5469,1108.076305,1141.089537,3990,238,762
29095014603,3685,688.3268618,684.0878743,2721,158,378
29095014604,4984,898.7280668,918.3965498,3295,672,572
29095014701,3903,803.9782305,788.91422,2535,607,447
29095014702,5143,1261.475209,1350.716681,4152,238,319
29095014804,3328,752.071774,947.5990257,2792,108,89
29095014806,4576,991.9552274,1101.907603,3542,344,296
29095014902,1950,305.5836648,461.598737,1702,12,75
29095014903,5636,1110.761605,1612.115484,5039,53,194
29095014904,6713,1535.799129,1773.314116,5218,450,486
29095014905,5184,1160.092744,1386.588555,4355,196,259
29095015000,3653,705.1021046,1089.990602,3218,43,140
29095015100,5935,1011.219256,1289.478878,4592,214,470
29095015200,2646,746.6110921,456.5459561,1945,232,160
29095015300,3010,769.0121263,473.7080466,868,526,1494
29095015401,2138,288.0395079,148.7479906,315,1198,477
29095015402,1341,175.0739565,93.24846312,243,820,85
29095015500,1328,116.9316704,80.1892599,584,88,586
29095015600,2483,269.5351367,281.1399404,1221,238,844
29095015701,2219,449.7497329,274.2592404,1678,175,169
29095015702,3191,610.175051,371.9896769,2038,474,306
29095015800,1932,539.1930794,348.2504114,1552,104,118
29095015900,1955,397.9796612,242.3636838,961,432,287
29095016000,1756,274.3319764,151.1482867,222,1024,424
29095016100,1906,355.7428124,232.8617613,182,1501,129
29095016200,2052,491.4206481,180.0177026,682,1037,147
29095016300,2082,444.121997,274.629139,647,902,385
29095016400,1741,256.9411084,115.9008161,324,804,523
29095016500,1868,384.6605098,203.6432255,116,1264,416
29095016600,1619,381.3403351,204.010899,137,1197,203
29095016700,3366,1071.853586,619.8168444,2162,462,379
29095016801,2178,640.4866552,383.3993821,1424,336,216
29095016802,1338,461.8748666,259.0657919,981,32,237
29095016900,2361,592.2230495,281.0910535,319,1695,223
29095017000,2510,381.05752,298.3448648,1234,641,454
29095017100,3814,1056.956448,478.7462487,199,3071,369
29095017200,4573,972.1084452,634.8799505,1412,2409,417
29095017300,3354,937.2259983,841.7654352,2385,500,182
29095017400,2807,546.5610359,322.7403737,785,1594,142
29095017500,2012,475.466967,279.4386454,842,833,201
29095017600,5118,1423.990333,1165.671856,2456,1962,332
29095017700,5365,975.8152662,1195.908883,4168,222,406
29095017800,3809,996.8204558,544.660266,2092,861,417
29095017900,5099,1150.762751,1064.484103,3601,621,288
29095018000,3599,722.2827806,727.8011721,2799,237,280
29095018101,5159,1263.118018,1465.121974,4170,407,216
29095018102,3148,647.4197153,713.9148538,2237,404,178
29095018200,4166,854.9657701,873.2087662,3034,554,207
29095018500,4559,1050.02558,1153.033189,3584,354,195
29095018600,3000,790.0671848,846.1947448,2406,152,174
29095019301,4070,949.4444442,995.5000005,2983,383,327
29095019302,3168,732.986408,786.9074271,2538,256,145
29095980101,3,0.7837257,0.35181491,0,1,1
29095980802,1,0.15868893,0.1568568,0,0,0
29095988300,97,21.54919664,23.66771925,92,4,4
29095989100,18,4.04944711,4.72893308,16,0,0
29095989200,7,1.52410735,1.87969815,3,0,1
29097010100,3730,453.6976994,564.4329413,2746,236,283
29097010200,4673,755.617472,1100.946621,3723,89,257
29097010301,4072,548.1269385,758.0273959,3208,129,361
29097010302,4620,652.4875166,969.0169189,3681,119,321
29097010400,5609,900.1079312,1273.91551,4387,174,268
29097010500,5144,851.154708,1086.610161,3886,174,336
29097010601,3070,311.0392775,395.1120804,2268,129,247
29097010602,2893,370.8530631,509.0105584,2181,126,230
29097010700,2703,371.7593889,514.4279832,2200,51,100
29097010800,4235,589.3329459,682.5644371,3159,208,349
29097010901,2882,430.8839567,633.0100061,2375,50,165
29097010902,4082,588.2781381,858.5128378,3359,62,189
29097011000,3733,498.1388087,586.1659347,2817,124,297
29097011100,1762,232.5909249,276.8231274,1465,23,66
29097011201,3060,509.4815765,813.394598,2644,31,112
29097011202,3682,606.3078934,913.0494067,3130,36,167
29097011301,5127,848.6331824,1380.566312,4464,32,133
29097011302,4068,566.4001425,967.3196778,3449,45,167
29097011400,5898,869.0043,1379.015103,4861,81,337
29097011501,5442,825.5974116,1375.823078,4579,57,253
29097011502,4648,741.8436583,1339.578599,3967,25,231
29097011600,5203,509.4587385,756.8635982,2432,65,2473
29097011700,7195,983.9562368,1432.350397,4997,85,1568
29097011800,5054,653.4503597,960.9123647,3206,72,1404
29097011900,3991,594.2090522,946.0805176,3199,44,218
29097012000,5255,830.447498,1523.86765,4496,15,368
29097012100,3909,629.3823709,1187.613833,3317,17,274
29097012201,3680,608.0699164,1091.532754,3253,18,104
29097012202,3341,470.726004,879.8356969,2939,25,99
29099700107,3731,706.7864482,963.3688054,3385,31,62
29099700111,3671,737.4317225,923.4455945,3295,15,98
29099700113,4495,1004.193,1265.385164,4054,29,121
29099700114,4304,929.9313944,1223.4555,3855,59,72
29099700115,4016,839.8795785,1037.85117,3566,20,122
29099700116,3084,568.7545616,731.1592971,2749,38,100
29099700117,6963,1380.626524,1801.757136,6207,57,191
29099700118,6219,1235.718022,1519.47949,5422,90,214
29099700119,2116,432.0320904,554.2629159,1851,8,63
29099700120,6096,1167.238347,1581.680564,5427,158,154
29099700121,3887,823.7801587,1030.506917,3457,23,112
29099700122,4087,848.4078386,1080.505147,3661,40,119
29099700123,2893,592.3802157,777.4512398,2632,15,89
29099700124,4831,966.8638295,1315.658664,4388,13,105
29099700206,5692,973.2270575,1319.47411,5041,54,157
29099700207,3559,611.3489368,855.9800716,3248,9,63
29099700208,6784,1268.04538,1565.502241,5695,146,278
29099700209,3760,639.6051073,817.0253293,3314,32,123
29099700210,3853,733.7687462,939.8740033,3188,64,266
29099700211,5161,954.3061674,1257.495735,4555,84,172
29099700212,2927,493.1679314,578.7307063,2459,58,144
29099700213,3122,527.9236019,632.058617,2788,35,80
29099700302,5581,1053.923439,1408.723984,5033,27,136
29099700303,4652,942.4809127,1198.150552,4162,32,140
29099700305,3814,711.192702,941.6588392,3386,20,113
29099700306,3572,669.4442695,891.53331,3227,19,99
29099700401,4769,912.1837209,1324.484592,4415,10,93
29099700402,6552,1498.557247,1999.732554,5999,36,157
29099700502,6120,1066.097818,1575.049099,5601,61,102
29099700503,3234,561.9167914,781.7399143,2926,10,53
29099700504,4278,796.4845394,1130.634134,3949,9,72
29099700603,6420,1230.424725,1628.499506,5851,28,162
29099700604,6331,1193.486387,1705.30125,5808,24,108
29099700605,6429,1147.105543,1629.740492,5722,90,142
29099700606,2946,483.7710425,645.8280445,2597,48,76
29099700607,2779,492.2471337,662.4873505,2528,30,54
29099700700,4605,850.6162186,1076.863066,4063,158,55
29099700801,5795,1038.528227,1356.350365,5164,110,146
29099700802,5577,973.4053872,1348.383657,4933,119,122
29099700900,5810,1094.082059,1435.592156,5020,213,126
29099701001,4753,834.2622758,1216.018182,4292,21,98
29099701002,4072,746.9279739,1119.035672,3732,10,78
29099701101,4506,860.3503004,1271.05353,4165,5,75
29099701102,5285,992.8748091,1515.872137,4854,15,64
29099701200,5941,984.4860395,1306.097014,5427,48,81
29099701300,3400,586.6239847,804.8398734,3082,35,46
29099701401,4093,767.6604385,1139.045097,3831,26,55
29099701403,3871,707.0175723,1065.893051,3627,8,63
29099701404,6303,1273.878063,1788.282751,5656,54,131
29101960101,5957,1189.900144,1843.605599,5316,27,147
29101960102,3185,571.1526049,844.0425386,2863,29,82
29101960200,5259,963.7325984,1550.853299,4704,78,112
29101960301,6057,882.3421138,1037.221749,5019,171,249
29101960302,3841,649.5781794,871.8791622,3315,84,160
29101960401,3310,438.1023875,491.2746173,2410,457,189
29101960402,2821,370.5116748,406.4791938,2188,244,158
29101960501,3477,566.6542405,688.4968085,2711,220,184
29101960502,4136,579.4440582,671.7828736,3223,253,247
29101960600,3299,434.6346994,481.0721943,2581,231,177
29101960701,2096,213.0433754,311.8718301,1556,135,175
29101960702,2918,301.0388456,438.747071,2230,178,223
29101960900,4761,854.2296631,1377.655077,4370,16,74
29101980000,2896,294.3576409,430.9068798,1929,246,418
29103960100,1808,326.58064,542.8200388,1728,8,10
29103960200,1936,323.5304714,510.4021842,1845,12,13
29105960101,4596,736.8832063,1341.681887,4200,8,111
29105960102,3600,588.2763346,1021.400318,3254,16,91
29105960201,3074,353.0364667,764.7107024,2890,7,32
29105960202,2855,453.270752,823.4336538,2571,4,80
29105960301,3319,504.465113,844.9604153,3043,10,49
29105960302,4067,604.4540861,1092.546773,3703,23,85
29105960400,3934,558.4984486,954.7811646,3509,83,107
29105960500,5627,880.4527859,1442.00233,4984,53,206
29105960600,4967,578.4389278,981.9007711,4328,64,194
29107090100,5130,953.9689012,1391.399539,4617,80,160
29107090200,5837,1024.726085,1258.356621,4871,280,253
29107090300,1327,254.439742,419.226001,1195,10,77
29107090401,3532,697.9757006,1055.38659,3178,62,71
29107090402,3115,586.3377566,752.2587343,2655,146,122
29107090500,3716,681.7378245,1080.542426,3411,20,95
29107090601,6467,1165.261715,1710.515968,5784,67,199
29107090602,3860,743.4967224,1138.036346,3545,14,70
29109470100,3916,475.8203155,779.2594325,3630,15,67
29109470201,3537,550.1214219,950.8788569,3246,1,85
29109470202,4335,642.9041763,1092.074114,3876,25,118
29109470300,5221,765.9478394,1317.845552,4337,15,547
29109470401,4014,598.7763192,881.5203879,2742,17,953
29109470402,2890,439.1701279,718.3898012,2430,9,204
29109470501,2980,492.2648721,827.9043958,2675,9,122
29109470502,3542,596.6166431,1034.844628,3201,8,126
29109470601,4872,668.247802,1153.98336,3981,27,541
29109470602,2694,342.2713536,605.2637488,2283,9,224
29111970100,3745,467.7785159,700.2097136,3442,76,73
29111970200,2164,346.5853541,517.0742041,2007,50,20
29111970300,2346,422.762705,700.3984789,2219,5,61
29111970400,1777,322.9826008,505.5107901,1647,54,11
29113810100,4178,735.3481276,1153.362063,3786,75,82
29113810203,5660,911.1126156,1462.094506,5060,70,148
29113810204,1794,303.3374837,530.1302901,1594,22,47
29113810205,3964,717.0428881,1256.043478,3637,31,34
29113810206,2067,366.3035552,682.8431985,1931,20,24
29113810305,6752,987.4886371,1374.914615,5566,290,381
29113810306,2789,447.0355463,644.6130652,2444,79,64
29113810307,4626,678.6477526,1065.289989,4041,123,188
29113810308,7826,1158.482052,1834.621368,7045,134,195
29113810309,5519,868.0195921,1394.421976,4948,59,110
29113810310,5693,829.9710959,1291.398316,5054,99,110
29113810401,5092,801.2088616,1215.037533,4586,80,96
29113810402,3614,551.0573505,897.6740532,3359,15,62
29115490100,1568,306.2581914,468.7088516,1499,2,17
29115490200,2215,295.9613931,535.8250758,2091,6,52
29115490300,2757,378.9954154,566.3721931,2567,16,59
29115490400,2709,407.482638,580.4507366,2453,30,90
29115490500,2625,461.3120934,658.3226874,2417,13,71
29117480100,3800,545.2626099,921.1753252,3432,206,50
29117480200,2975,579.0462423,1003.906664,2845,2,30
29117480300,3440,506.4296069,781.8635107,3228,26,57
29117480400,2743,442.7464528,680.7855611,2489,27,54
29117480500,1599,179.0706443,281.657829,1374,55,48
29119070101,3697,407.4535595,777.9580896,3167,11,127
29119070102,2621,210.4862912,483.9720708,2169,11,48
29119070200,4491,593.790971,1126.005992,3732,23,148
29119070300,6276,473.5726892,734.3338545,2625,367,2074
29119070401,3285,406.5368087,744.0571288,2482,14,292
29119070402,2933,376.0143171,684.853868,2492,9,129
29121960100,2244,380.7792328,608.6009884,2069,13,21
29121960200,2553,462.2266957,764.0229471,2411,10,28
29121960300,3775,729.417196,1239.931412,3515,19,58
29121960400,4036,773.4961593,1146.099223,3655,78,105
29121960500,2601,420.2473832,614.4565416,2128,189,64
29123960100,3377,522.9042867,890.6687168,3100,0,81
29123960201,3024,410.4955784,607.4555624,2739,19,130
29123960202,2704,387.1694521,588.5749614,2419,23,69
29123960300,3521,544.93321,947.448646,3297,14,62
29125880100,2628,141.4791781,249.940931,2431,6,46
29125880298,2491,532.9627119,792.6076722,2289,11,46
29125880300,3313,616.1616272,1087.549596,3076,6,42
29127960100,4542,846.227672,1362.523682,4227,95,25
29127960200,3276,609.9367151,1122.343746,3054,21,20
29127960300,3672,604.150376,1005.293234,3356,70,69
29127960400,4868,843.575832,1164.773851,4117,308,152
29127960500,2580,388.5188979,504.2823735,2041,264,81
29127960600,3482,583.8954553,867.1045217,3040,182,51
29127960800,2813,352.8748289,483.1546292,2384,152,67
29127960900,3292,494.6535573,737.6906316,2711,282,51
29129470100,1274,219.4442189,423.4496881,1219,0,15
29129470200,2264,337.4446704,601.1058676,2072,1,140
29131962501,3364,550.2322022,1006.833157,3206,5,36
29131962502,2294,438.1176205,798.8733658,2215,5,15
29131962600,3386,572.9614029,979.3958825,3173,13,49
29131962701,2161,350.8676077,536.6316891,2010,9,33
29131962702,2961,464.5040666,800.1234392,2709,7,72
29131962801,2490,406.2047126,631.5619561,2215,36,96
29131962802,3813,612.364602,1078.709138,3549,18,67
29131962901,2842,427.8784181,693.7135947,2561,19,46
29131962902,1411,212.8693685,345.6577793,1270,5,52
29133950100,3097,361.3886424,548.3351259,2024,945,44
29133950200,4007,729.9592412,723.48513,1789,1991,78
29133950300,1647,262.2607497,463.733028,1527,22,41
29133950400,3826,472.8358118,886.2244943,3474,125,60
29135385100,4015,850.7339645,1373.728257,3720,26,85
29135385200,4486,700.1876887,1037.034002,3605,34,628
29135385300,3442,418.8493005,673.3852068,3302,7,51
29135385400,3530,456.2072974,744.7081912,3061,215,100
29137960100,3539,653.7151783,976.7734318,3066,123,99
29137960200,2550,468.5099986,747.4887791,2377,54,22
29137960300,2577,431.2192681,706.4600123,2459,4,38
29139970100,2300,404.6787556,648.4214808,2172,24,37
29139970200,3666,614.1023753,932.597697,3297,61,82
29139970300,2952,567.6757531,870.5478342,2766,8,41
29139970400,2404,417.043117,682.1552118,2209,13,69
29141470100,6272,865.3859354,1413.428415,5915,24,100
29141470200,3809,604.9160356,936.3253735,3463,11,90
29141470300,2847,385.1151778,599.0104512,2520,69,91
29141470401,1032,218.2921085,334.7820965,955,3,32
29141470402,1741,315.6322963,469.4520537,1588,5,29
29141470501,1662,326.742844,481.9262764,1562,3,38
29141470502,1245,181.8770632,289.6565191,1133,3,20
29141470503,2398,412.2849918,624.1931668,2162,8,46
29143960100,4459,708.2422512,1116.187999,3596,499,86
29143960200,1740,309.3385442,399.6520923,1219,438,18
29143960300,3169,568.1209369,649.4343335,2123,900,32
29143960400,2090,358.992079,464.1298767,1526,397,56
29143960500,1944,303.8627969,539.6016159,1806,8,27
29143960600,3032,489.0545036,718.2718614,2340,499,34
29145020100,4132,582.1536254,841.3839883,2758,31,683
29145020200,5206,753.0444561,1101.120268,3940,41,591
29145020300,3382,470.9992071,789.9365185,2459,41,479
29145020401,3375,608.559018,1061.746617,2951,6,70
29145020402,3637,625.9468622,1125.472033,3118,25,91
29145020501,4186,776.6975475,1124.425474,3429,66,250
29145020502,5446,1033.762785,1410.061944,4472,91,238
29145020601,5608,1000.350368,1584.578949,4704,63,204
29145020602,5089,818.7941105,1434.338219,4425,77,163
29145020700,4452,713.8964101,1317.357178,3629,16,154
29145020800,6608,950.63769,1657.800835,5341,58,434
29145020900,4228,615.1495821,1115.599101,3620,13,105
29145021000,3299,377.8771554,684.5205414,2705,4,145
29147470100,2181,340.9469702,573.3529895,2068,6,18
29147470200,2723,475.4119175,786.947652,2577,3,40
29147470301,1871,278.8580624,294.034524,1478,45,46
29147470302,5095,841.2048735,967.6616004,4485,155,168
29147470400,4203,600.4869339,897.9847044,3848,57,96
29147470500,5168,472.5004029,740.3939993,4834,97,59
29149480100,2896,542.4514222,911.9471073,2697,10,31
29149480200,3760,604.270013,999.63406,3442,11,60
29149480300,1979,392.7646201,667.9239356,1851,4,26
29151490100,3363,651.1895579,1116.758737,3265,1,16
29151490200,4198,687.1567019,1122.405523,3950,20,56
29151490300,3320,661.2466501,1188.602922,3182,3,25
29151490400,2393,318.8421822,561.1129999,2291,0,28
29153470101,2607,477.6066802,767.217867,2447,7,29
29153470102,1528,311.6096176,543.92437,1433,5,17
29153470200,4418,644.5611983,1116.888896,4120,7,63
29155470100,1671,272.5183716,460.1036159,1450,121,19
29155470200,3022,485.9001565,463.6248855,1098,1750,62
29155470300,2909,409.0956074,511.693612,1769,886,77
29155470400,2758,345.3663645,407.7884282,1486,1056,74
29155470500,2680,382.5252745,654.9192662,2370,112,107
29155470600,2621,308.8164486,565.53686,2003,383,76
29157470100,2458,469.4526411,804.7451992,2367,0,15
29157470200,4772,746.780964,1280.905692,4502,15,86
29157470300,4220,607.2047567,973.3379761,3752,46,180
29157470400,3785,544.3636142,859.3669375,3453,27,72
29157470500,3721,620.9897476,1161.639095,3583,14,30
29159480100,4008,651.8276842,1045.469528,3711,14,109
29159480200,6418,795.8441334,1215.197039,5284,40,736
29159480300,4432,799.6009217,1292.613499,4008,50,119
29159480400,4345,715.4950807,1118.825081,3861,58,162
29159480500,2961,410.8464281,563.3544271,2342,93,288
29159480600,2193,251.411035,269.8271657,1252,363,419
29159480700,3705,491.0113139,617.1847063,3010,142,279
29159480800,3349,497.9250789,616.8425955,2469,136,498
29159480900,2958,354.3114505,406.3066448,1983,213,523
29159481000,4615,708.4927634,970.1336929,3779,144,362
29159481100,3996,666.0098569,871.388631,3052,137,521
29161890100,4597,770.7276777,1226.206927,4159,37,88
29161890200,4792,764.3532787,1206.717771,4251,43,137
29161890301,3600,639.3361379,793.6645627,3021,90,108
29161890302,3612,441.9338482,500.8048254,2763,177,146
29161890401,3745,331.4886886,345.7620231,2826,174,122
29161890402,1666,186.4953585,212.6692224,1311,87,41
29161890500,3550,654.9315707,1024.636031,3210,23,82
29161890600,2742,519.087903,842.1273573,2509,14,46
29161890700,2932,515.0248185,800.3583845,2537,28,71
29161890800,3256,391.4441234,468.3780406,2679,189,102
29161890900,4385,807.5358599,998.7861501,3610,121,158
29161891000,5761,1174.196292,1782.777598,5065,61,158
29163460100,3037,507.1778511,710.8686254,2515,155,163
29163460200,3291,550.8649275,816.1942061,3056,44,60
29163460300,5428,734.8135834,1232.865084,4676,506,100
29163460400,3763,493.1687975,767.5811465,3276,175,89
29163460500,2068,430.6970635,640.6020504,1860,64,22
29165030002,3392,648.690111,623.6566578,1933,700,329
29165030003,2554,582.184321,537.507699,1654,360,187
29165030004,5920,1331.403614,1235.158738,4236,679,450
29165030101,3831,768.591562,758.944011,3077,117,256
29165030102,4775,965.3549379,920.4089504,3321,579,399
29165030103,5850,1355.692902,1373.395676,4443,487,377
29165030201,5492,1057.61374,1104.749519,4094,488,325
29165030207,6102,1670.090801,1584.999901,4608,530,442
29165030208,3165,943.3024933,1015.03952,2744,52,117
29165030210,2067,416.8466816,372.880478,1471,208,194
29165030211,3011,607.2207824,543.1751909,1758,543,308
29165030212,4849,1076.910195,1056.676352,3366,733,368
29165030213,2722,545.3580857,534.7932456,1892,316,269
29165030214,2477,584.8736477,558.4890032,1632,244,252
29165030215,1552,384.1252805,361.4579402,1150,142,107
29165030216,4194,1004.729065,961.0130014,2996,347,331
29165030306,5074,1153.356978,1230.385606,4368,81,261
29165030308,5728,1203.40684,1117.054482,4002,595,509
29165030309,5276,1185.320437,1227.879532,3867,499,405
29165030310,3755,931.9180902,1042.100111,3191,90,213
29165030401,7497,1515.760688,2032.702958,6467,131,328
29165030501,2921,526.2292358,660.1437819,2382,125,164
29165030502,3182,561.9289777,687.622295,2620,141,196
29165030601,1909,381.4623958,520.4964082,1530,73,121
29165030602,5886,1308.114748,1952.218843,5348,24,169
29165030700,3525,830.2655417,1076.752662,3270,12,79
29165980000,12,2.2478548,2.575223,6,0,5
29167960101,2315,325.6115472,586.3074236,2100,8,44
29167960102,3964,626.578382,1052.58424,3625,19,101
29167960201,2439,370.6013614,568.2188217,2259,6,33
29167960202,4726,751.2963535,1220.31762,4331,24,128
29167960301,2924,474.2075162,775.948194,2720,0,53
29167960302,5632,785.1446028,1369.166105,5063,57,172
29167960401,4173,563.0822364,967.5509042,3681,102,135
29167960402,5346,674.328502,1172.824655,4903,31,125
29169470101,4023,684.1384742,1233.034441,3608,17,135
29169470102,3176,513.7452701,945.8543176,2869,24,89
29169470286,5608,320.1533057,459.1150225,3650,648,629
29169470288,4389,218.3361956,294.0223472,2426,719,523
29169470289,3827,190.3788152,256.3735526,2253,559,375
29169470389,7816,388.8165193,523.5996039,4255,1508,1481
29169470390,1978,98.39803928,132.5076788,960,317,459
29169470401,5173,575.725664,843.837519,3532,566,491
29169470402,7515,769.5285247,1072.615882,4944,938,777
29169470501,3416,452.9465077,765.3348004,2897,87,135
29169470502,1931,210.3915233,373.6252602,1735,12,54
29169470601,3129,155.6559481,209.6140184,1673,619,570
29169470602,1974,98.5177618,132.6856002,1063,308,361
29171960100,2617,365.9340616,640.0883932,2540,5,29
29171960200,2064,322.3301679,560.9224242,1906,7,83
29173470100,3288,621.3467173,963.0844711,3037,40,27
29173470200,3893,595.1248539,987.6655413,3653,59,42
29173470300,3174,561.9611463,891.5218532,3023,15,27
29175490100,3741,726.80149,1205.6605,3497,18,51
29175490200,3290,596.5327967,944.8517008,2986,66,66
29175490300,4604,591.3479869,749.7566281,3724,383,136
29175490400,3240,593.6886257,786.9943673,2733,173,67
29175490500,4514,559.9781217,768.5296436,3817,196,157
29175490600,5327,771.0760426,1199.231079,4514,525,95
29177080001,2524,514.8103487,733.7402529,2281,9,59
29177080002,4895,964.0591499,1359.870468,4425,12,122
29177080100,3180,581.7402081,862.8723705,3022,10,34
29177080201,3358,499.1434547,664.206125,2896,96,87
29177080202,3283,489.1839954,651.0476334,2881,63,108
29177080300,5918,1234.729511,1643.207596,5388,43,170
29179380100,2659,388.1402262,618.6649524,2434,27,49
29179380200,3437,587.1272253,996.8727193,3235,9,50
29181870100,3354,588.7373152,1107.993947,3069,4,47
29181870200,2003,366.713525,646.6649045,1870,5,27
29181870300,3455,536.0441402,938.5953654,3225,16,38
29181870400,1867,311.9494643,564.5235621,1721,6,15
29183310100,2064,536.7222227,697.4065409,1919,18,24
29183310201,6187,1170.623829,1237.336508,5068,447,225
29183310202,3602,841.1838915,1011.387281,2962,361,78
29183310301,4068,995.2288084,1136.91606,3599,126,109
29183310302,3980,961.4038579,975.236462,3263,260,141
29183310400,2035,493.1618227,477.0076603,1740,70,67
29183310501,3872,270.2915178,262.6908921,2779,264,548
29183310502,2467,284.3597378,275.6332123,1901,290,80
29183310601,3757,400.1635561,427.3295229,2882,232,337
29183310602,5680,1304.34045,1553.031832,5002,196,162
29183310700,5232,1003.0889,1069.4774,3890,467,492
29183310801,2487,532.4305744,562.5489609,2018,201,85
29183310802,5946,878.2742863,953.6870831,4832,397,271
29183310901,2375,479.5307719,498.5173971,1640,410,91
29183310902,5318,1167.857843,1270.136104,4011,335,548
29183310903,4051,894.79663,962.0660158,3201,388,137
29183311001,4271,645.4191398,716.4309949,3246,293,228
29183311003,3149,590.9686842,594.6799415,2204,444,194
29183311004,5736,792.7281266,829.8055135,4058,634,237
29183311103,6533,1507.549672,2090.086629,5880,139,131
29183311114,5253,1327.321792,1618.548044,4565,194,151
29183311122,7301,1739.349549,1979.850639,5734,648,282
29183311124,6907,1430.939296,1702.288087,5427,249,220
29183311132,3499,916.8773015,1161.944559,3153,72,78
29183311145,4388,1114.03589,1317.220371,3736,145,153
29183311146,4488,932.4246396,1055.042136,3587,249,158
29183311147,4031,1031.979653,1196.623595,3380,208,131
29183311148,4317,1144.809906,1360.612398,3784,122,160
29183311149,3835,928.5348601,1077.426982,3207,147,179
29183311150,4720,1203.614427,1360.242819,3990,153,177
29183311151,6413,1337.92105,1603.609746,5093,313,196
29183311152,4590,1081.322296,1350.322775,4071,114,84
29183311153,6886,1414.789469,1803.855399,5483,283,214
29183311154,5387,1238.722223,1503.166666,4582,158,159
29183311203,6154,1413.415168,1622.309025,5054,359,216
29183311211,5470,1336.078685,1510.165932,4291,446,163
29183311212,4243,975.1713919,1063.821045,3312,258,185
29183311221,3613,833.5821233,964.2831215,3051,158,103
29183311294,3826,937.2532319,1088.884756,3269,146,117
29183311296,4110,1180.407997,1345.029174,3595,136,106
29183311311,5880,1390.944444,1510.777778,4652,387,240
29183311312,7417,1651.435025,1917.164081,6255,333,302
29183311322,6787,1629.198532,1958.876088,5669,342,190
29183311331,4631,1119.925524,1339.187757,3998,171,172
29183311391,4831,1253.365659,1421.217915,4072,208,198
29183311422,6035,1430.6843,1691.188987,5084,283,220
29183311500,2205,420.477102,460.3492752,1714,46,318
29183311602,5980,1077.941097,1229.112811,4994,305,233
29183311603,2780,607.7135136,727.6064443,2298,160,114
29183311604,3164,698.3684729,856.1062159,2769,97,78
29183311712,4889,988.4444442,1185.555555,3844,242,336
29183311721,3765,875.8329743,1059.726382,3092,193,134
29183311732,7074,1660.512383,1971.134424,5921,262,308
29183311733,2272,518.6670265,626.4402852,1884,121,104
29183311734,4233,899.666668,1035.166667,3335,355,197
29183311735,5970,1372.952019,1650.707332,5015,292,222
29183311737,3461,776.15643,983.5864831,2828,166,101
29183311738,4465,715.4546817,903.7468501,3325,267,463
29183311739,4551,1074.505605,1358.914117,3775,142,137
29183311740,2096,516.4297489,659.1292852,1899,38,40
29183311801,6250,1316.209678,1757.640077,5388,284,178
29183311802,6220,1208.206684,1477.433421,5291,228,246
29183311903,6030,1222.216947,1459.238451,5066,312,215
29183311904,6462,1348.838179,1745.139391,5342,348,218
29183311907,6223,1180.363144,1432.246032,4997,494,217
29183311908,4475,808.4361538,1105.999234,3783,182,172
29183311909,5174,1267.379563,1662.910639,4614,113,124
29183312001,3228,686.8515633,1054.579338,2995,38,74
29183312002,4221,783.6694815,1094.577371,3682,162,103
29183312003,6938,915.5245684,1396.32397,6117,190,239
29183312094,5765,879.2459352,1159.142119,4447,643,236
29183312095,6470,1164.989591,1574.027516,5263,501,229
29183312096,9026,857.6085441,1202.527543,7599,514,247
29183312192,6266,949.5683007,1395.516657,5395,218,225
29183312193,8915,1646.57179,2211.385061,7717,368,252
29183312194,3488,105.5166679,166.5244153,3168,103,54
29183312195,3318,164.8004797,265.0143078,2723,191,186
29183312204,5155,1381.235277,1981.330985,4834,27,89
29183312206,4721,928.3117869,1372.006089,4306,67,92
29183312207,4286,612.3474943,741.3601901,3242,206,407
29183312208,5118,730.8981642,981.5726081,4260,199,192
29183312209,4489,581.6440846,791.6682793,3794,206,149
29183312300,2730,718.5283593,867.4631916,2425,39,74
29183312400,5555,1156.704381,1345.669045,4544,321,266
29183980000,12,3.01599417,4.08215196,5,0,3
29185480100,3529,594.6733766,933.4298928,3286,7,59
29185480200,2712,528.5496674,895.7300631,2521,3,46
29185480300,3043,453.9087752,728.0402263,2760,16,73
29186960101,3714,693.6191225,993.6920946,3475,6,54
29186960102,2527,473.6563507,732.1276014,2376,9,24
29186960200,5539,886.1835471,1116.447052,4893,278,119
29186960300,4083,844.2890954,1174.149944,3929,17,35
29186960400,2616,517.2518855,771.6944203,2454,10,37
29187950103,2875,584.1276447,796.9472945,2673,9,45
29187950104,2096,298.734494,462.4559766,1887,13,38
29187950105,1763,283.6588243,435.6165565,1647,8,19
29187950106,2850,492.7856069,805.0202719,2646,17,27
29187950300,7835,883.4271212,1242.416084,6066,1276,121
29187950401,3190,494.5002064,828.4598488,2987,11,28
29187950402,3908,500.027677,710.1634849,3445,78,123
29187950600,2822,498.833344,841.723164,2615,3,34
29187950701,2557,422.7447194,697.4061803,2409,36,29
29187950702,3118,502.327589,787.3115987,2961,12,32
29187950703,3375,531.8336354,766.9117947,3101,36,58
29187950801,2536,372.6798586,480.3621682,2303,26,54
29187950802,4065,586.8501834,868.2187742,3646,64,64
29187950901,2398,369.8181066,464.3629093,2163,21,47
29187950902,7399,676.7159008,884.0466167,5991,878,189
29187951001,2455,339.0169608,481.8390999,2221,57,27
29187951002,4238,625.8310221,921.6944246,3921,60,57
29187951101,2308,295.6139009,430.6891963,2036,27,37
29187951102,5134,932.3035119,1315.965918,4756,26,60
29189210101,1400,351.4742664,249.9049482,449,863,25
29189210102,3961,866.676624,483.3540636,651,3049,71
29189210200,5585,969.8649158,507.8784463,505,4842,51
29189210300,2985,585.2334174,350.4096013,474,2324,52
29189210400,4142,1330.457019,661.5230331,190,3798,30
29189210501,3164,887.4971144,420.3025686,90,2938,65
29189210502,3305,835.1651602,376.2513014,122,3054,37
29189210600,6645,1702.559199,914.6123473,1051,5366,86
29189210702,5984,1391.529547,747.8361373,570,5048,118
29189210703,3550,991.1528963,530.5715176,494,2821,77
29189210704,3950,748.3333328,363.6666666,172,3595,47
29189210803,4898,1557.301492,966.7580434,1030,3592,52
29189210805,6080,1993.884262,993.8236837,587,5213,107
29189210806,6151,1938.83507,942.8199971,360,5490,85
29189210807,5760,1954.590222,1016.986488,476,4980,73
29189210808,3620,1245.894461,628.3274264,302,3117,40
29189210912,7155,2269.32812,1540.784468,1977,4662,130
29189210921,4072,1077.077479,705.522907,1214,2426,126
29189210923,5399,1294.945864,998.7658194,2234,2587,175
29189210924,4456,1288.551196,830.5006734,1121,2972,131
29189210925,5419,1378.67599,949.7917331,1704,3219,178
29189210926,2578,654.4555564,542.0843746,1161,1173,80
29189210927,4681,1710.243207,1158.679213,1430,2913,70
29189210928,4477,1627.185231,977.8433043,978,3165,78
29189211001,4302,1158.08285,783.215498,1425,2493,123
29189211002,3368,925.9060738,673.4511358,1397,1700,74
29189211101,7056,1585.003788,1191.190712,3071,3420,203
29189211102,5002,1406.821592,885.9090069,1200,3528,87
29189211201,5337,1167.202314,851.2572966,2158,2690,195
29189211202,3298,789.7022395,716.6216444,2249,783,84
29189211301,6432,1326.088994,1197.732199,3671,1965,239
29189211331,6067,1402.004114,1192.76379,3370,2005,168
29189211332,6293,1379.450616,1268.479066,3487,1847,382
29189211333,4918,1351.396484,1154.624226,2372,2024,127
29189211334,4258,975.339189,833.067338,2355,1470,129
29189211401,5325,1116.972245,975.6750234,2753,1890,294
29189211402,2274,465.4601738,319.1919819,758,1286,63
29189211500,2989,783.0958862,391.5936607,162,2591,94
29189211600,5855,1329.195126,854.5429934,1501,3765,187
29189211700,3828,1091.769448,712.0371236,1046,2497,74
29189211801,3553,930.4965778,485.7746104,315,3011,70
29189211802,3483,882.9713042,469.9096101,319,3015,47
29189211900,4495,853.6009113,387.826968,220,4053,72
29189212002,2866,625.8474601,294.515451,111,2613,43
29189212003,3441,832.1008247,376.9020584,217,3121,34
29189212004,3506,1059.18737,504.2170101,145,3266,13
29189212101,3467,771.9593247,378.3018548,180,3094,47
29189212102,2675,543.6484786,276.5788529,142,2424,30
29189212201,3792,1220.683662,586.4259921,118,3524,37
29189212202,2079,483.2846787,224.2733864,35,1955,6
29189212300,4623,1249.175137,662.8150729,667,3684,70
29189212400,2173,527.9314241,280.7382577,219,1839,49
29189212500,4599,1192.584449,708.8298604,757,3563,68
29189212600,4374,1184.522195,781.2069303,1314,2747,105
29189212701,3069,774.6313395,454.9854594,524,2320,86
29189212702,1881,451.9665338,274.7431401,428,1328,42
29189213102,377,92.4003447,72.45741603,245,55,25
29189213103,3278,800.9272326,752.1826472,1865,919,226
29189213104,1029,224.7165726,163.4230768,465,424,78
29189213202,7012,1508.911551,1407.630857,4359,828,305
29189213203,5014,1339.598728,1341.425194,3680,670,211
29189213204,3905,782.4508356,666.6302506,1873,999,450
29189213301,3429,621.5109992,481.6331328,1535,1321,255
29189213302,3726,692.5874015,497.399134,1362,1537,503
29189213401,4644,836.0126689,616.1391154,1585,1938,716
29189213402,1878,315.3788178,261.3873785,826,548,351
29189213500,5222,1011.263778,817.9114869,2592,1673,526
29189213600,3431,736.8935211,405.602806,448,2601,240
29189213701,836,179.0674976,109.193798,208,494,55
29189213702,3986,1105.480214,642.2136165,1119,2327,121
29189213800,4720,1375.092769,654.0603488,95,4416,58
29189213900,1437,375.1358848,168.2326465,19,1365,21
29189214100,1080,299.6831904,136.7110384,21,993,38
29189214200,2882,772.8552855,377.3092986,212,2492,63
29189214300,3714,869.5522259,520.5273943,951,2188,339
29189214400,4789,962.5663143,852.5799614,2544,1209,672
29189214500,3173,725.8823787,617.9084244,1715,696,399
29189214601,3891,785.7562224,661.8940306,2072,1018,417
29189214602,4052,719.2540062,669.4739587,2191,875,577
29189214700,6721,1292.022885,1068.50392,3259,1718,1194
29189214800,5481,1138.65306,1000.64146,3277,1341,390
29189214901,3196,677.5930042,568.9251784,1767,869,203
29189214902,3241,595.6676702,485.5688974,1392,1007,525
29189215001,2840,532.8016561,424.2212531,1314,352,125
29189215003,4412,1396.762123,1163.600988,3318,434,132
29189215004,3427,888.9457161,684.1479326,1925,794,159
29189215005,5941,1544.480555,1201.258825,3506,985,182
29189215102,4979,1356.81615,1116.999104,3251,640,250
29189215103,2577,731.8792935,625.381162,1714,323,108
29189215105,2434,649.1409666,610.8844305,1782,168,122
29189215141,4229,1359.507969,1234.976787,3312,293,95
29189215143,2901,747.469589,724.9694837,2161,254,165
29189215144,5672,1611.816345,1418.48448,3837,768,203
29189215145,4914,1114.713317,914.0470538,2625,828,299
29189215146,2632,339.3082104,228.7495375,968,648,123
29189215201,6657,1766.981602,1674.513329,4664,694,266
29189215231,4751,1388.754447,1290.416641,3706,220,207
29189215233,5234,1499.778788,1374.771876,3619,500,205
29189215234,2071,404.3942208,469.361092,1650,149,92
29189215235,4612,1319.017131,1303.162352,3377,113,144
29189215236,3250,1053.996818,1053.900286,2792,65,72
29189215301,4689,1488.560236,1243.940636,3391,285,142
29189215302,3386,1053.820069,1028.324808,2643,108,89
29189215400,5507,1736.232185,1698.831507,4741,56,140
29189215500,5260,1722.519409,1239.727161,3565,450,174
29189215600,5042,1271.750677,721.1180204,1379,2254,287
29189215700,5681,1889.622719,988.5859432,1007,3948,264
29189215801,3943,1463.436938,1022.99556,2909,596,137
29189215802,1602,445.8888132,315.8705204,1066,378,58
29189215803,2430,724.3513136,492.081008,1600,363,112
29189215901,3337,1205.881058,657.7764277,1061,1941,103
29189215902,3161,1082.379608,543.2758629,484,2430,61
29189216000,1542,482.4992529,245.5233557,218,1190,52
29189216101,3337,939.8601016,551.0704556,1725,446,176
29189216102,2262,537.0839773,294.8176358,972,615,117
29189216201,3827,1374.149426,911.4446306,2900,464,145
29189216202,3950,1362.981976,943.1458115,2933,481,156
29189216300,7068,1545.350882,975.8809843,4593,576,387
29189216401,2762,899.6815885,636.7003851,2175,65,80
29189216402,3071,867.7935323,615.2219095,2182,95,138
29189216500,5279,1382.295242,1100.000497,3668,746,165
29189216600,2492,695.4422373,587.4408225,1962,114,78
29189216700,3539,1179.294613,848.1539463,2628,487,174
29189216800,3189,1106.004552,755.3245415,2533,208,120
29189216900,2333,652.7381407,424.5247543,1663,390,81
29189217000,4002,1152.567793,790.0644644,3047,406,178
29189217200,1899,499.0735216,363.5777236,1273,287,84
29189217300,3064,880.8857024,759.1868704,2363,204,126
29189217400,4915,1381.806108,1301.717694,4094,128,153
29189217500,5587,1692.311295,1869.409822,4991,58,111
29189217600,7577,2223.256517,2510.71597,6661,86,215
29189217701,5425,1455.248833,1702.46284,4386,119,163
29189217702,7813,2140.6436,2221.636374,5984,170,599
29189217802,7426,2062.729473,2151.693532,5901,187,224
29189217806,5595,1334.926748,1506.697292,4465,163,225
29189217807,6462,1768.536952,1879.3072,5321,259,201
29189217841,5280,1489.080377,1532.057979,3954,210,148
29189217851,3168,953.4476134,1035.080642,2687,59,75
29189217852,6729,1880.384013,2201.805309,5648,147,161
29189217853,5015,1250.297627,1297.943407,3453,158,129
29189217854,2290,684.2986405,768.9171956,1880,48,61
29189217921,4833,1241.636377,1498.785844,3929,109,157
29189217923,7103,1865.293267,1980.025399,5771,217,280
29189217931,6366,1627.527216,1741.044948,5220,195,257
29189217932,5144,1371.559828,1413.798211,3793,95,152
29189217941,6016,1627.947752,1678.233574,5019,159,192
29189217942,5402,1411.641107,1444.705232,4445,144,170
29189217943,3505,845.6257089,945.445656,2649,126,104
29189217944,5818,1524.629514,1676.207003,4537,133,153
29189218012,4955,1448.075577,1554.325334,4351,74,109
29189218013,5814,1625.031101,1607.054347,4753,176,284
29189218014,1573,490.4207091,464.9139867,1420,24,39
29189218015,2914,894.2753884,972.9720547,2532,22,72
29189218016,3991,715.8888893,665.4444446,2515,319,268
29189218102,3122,721.8857594,782.6840632,2533,180,88
29189218104,1793,393.3260926,377.9725874,1334,127,193
29189218105,3616,808.2373635,793.8411436,2963,153,118
29189218201,3274,986.0264607,860.3365849,2911,96,66
29189218300,4313,1363.146981,1166.434026,3729,208,120
29189218401,4151,1285.479619,1269.943847,3770,69,112
29189218402,5054,1621.245512,1464.683355,4542,57,120
29189218500,5064,1624.177217,1444.89448,4587,74,146
29189218600,2801,902.3130575,729.1516509,2139,383,108
29189218800,6176,1995.38889,1850.444445,5706,41,178
29189218901,3425,1049.006454,715.0953633,1962,1014,106
29189218902,2928,979.8268983,756.2827371,2074,471,135
29189219100,3950,1382.147905,968.2516396,3497,68,138
29189219200,2679,853.3015667,634.45682,2391,57,96
29189219300,2170,757.34884,558.3491641,1831,115,69
29189219400,6335,2105.888729,1761.020002,5791,70,149
29189219501,4764,1534.915533,1188.963587,4098,159,176
29189219502,2553,834.4870976,689.1661987,2380,21,53
29189219601,4176,1222.141998,1061.367683,3540,214,141
29189219602,2579,828.8870072,660.1994397,2188,92,89
29189219700,5887,1440.584947,1325.656119,4798,304,253
29189219801,3782,844.4562906,802.5851372,3203,81,158
29189219802,3757,903.3207867,858.754356,3086,243,113
29189219900,6101,1248.380022,1196.855905,4804,121,182
29189220001,5090,1122.644399,1073.320147,4463,98,130
29189220002,3199,747.5755079,711.4634114,2689,133,119
29189220101,3231,551.9498073,558.2546335,2691,94,156
29189220102,4503,745.7057696,711.98953,3593,142,131
29189220200,5704,781.574838,806.8891088,4355,425,370
29189220300,1763,311.367726,298.5194458,1243,274,86
29189220441,6024,1388.265618,1596.57528,5292,146,201
29189220442,4473,1110.403714,1225.119658,4024,73,116
29189220443,4132,983.5565572,1080.271675,3605,138,99
29189220445,4940,1280.653897,1613.287272,4494,37,95
29189220446,4414,1206.424487,1460.291796,4054,40,94
29189220447,3292,660.5861596,694.1822038,2840,131,108
29189220448,5197,1250.203383,1298.175478,4402,201,193
29189220449,5189,1374.722234,1524.450156,4627,97,153
29189220450,2832,736.284219,863.1461975,2566,28,53
29189220451,4075,1034.75812,1295.931297,3708,33,101
29189220452,3881,995.3109886,1198.418022,3496,47,91
29189220501,6421,1292.924941,1269.384121,5386,179,291
29189220503,2670,633.388156,637.8094414,2292,67,80
29189220504,3873,742.3720759,733.7634979,2970,318,176
29189220601,6746,1686.501685,1671.243941,5781,149,211
29189220602,5760,1236.550021,1270.556891,4960,135,159
29189220701,3329,782.4847298,778.1567098,2916,58,89
29189220702,3867,977.221434,1003.548985,3453,24,118
29189220703,2832,728.6493999,737.9706385,2517,31,110
29189220801,5657,1534.581191,1467.14492,4837,246,187
29189220802,5073,1385.700556,1355.161608,4408,147,145
29189220803,4897,1546.863686,1541.580552,4429,33,132
29189221000,3323,835.8225036,696.5486271,2129,752,113
29189221100,1847,583.6858047,533.5333994,1676,26,47
29189221201,3875,1032.189291,1235.991374,3513,4,71
29189221202,6219,1641.696332,1901.620321,5559,53,160
29189221332,4642,1176.894181,1300.172851,4153,63,97
29189221335,5855,1669.842069,1908.107577,5193,148,127
29189221336,3781,994.7390954,1097.937369,3353,51,95
29189221337,3823,986.4323729,1056.328599,3351,48,101
29189221338,3051,619.3830486,647.1528276,2308,362,103
29189221339,3739,1024.420502,1182.010799,3362,43,94
29189221421,7476,1886.491638,2251.958094,6626,67,170
29189221423,3989,1092.319521,1294.084179,3625,24,102
29189221424,4912,1178.941522,1368.497336,4436,29,83
29189221425,5688,1399.150781,1633.336134,5003,85,123
29189221426,2944,700.8780131,806.2525081,2629,14,87
29189221502,7476,1764.324301,2190.07859,6802,57,186
29189221503,7682,1381.000001,1878.000002,6313,678,275
29189221506,5003,1267.03896,1483.701468,4260,78,153
29189221621,4512,1135.504972,1516.745583,4061,49,133
29189221624,3369,870.1703743,1030.182924,2755,45,126
29189221625,7131,1777.505832,2043.838816,5831,144,286
29189221626,5953,1595.141477,1949.762589,5057,99,178
29189221627,6677,1659.38484,2087.457429,5340,125,223
29189221629,5600,1349.560066,1666.733511,4217,67,169
29189221630,2227,632.3271332,666.6094417,1678,96,75
29189221631,5721,1237.494879,1360.204066,3530,168,437
29189221800,3098,724.274851,346.4765409,298,2479,160
29189221900,3871,1192.066386,1030.451373,3423,90,113
29189222000,3687,912.9787431,1109.41959,3411,38,67
29189222100,5298,1294.99971,1635.327115,4597,83,164
29195090100,2409,452.5713743,573.4204816,2050,117,74
29195090200,2207,370.821231,486.8033543,2020,48,78
29195090300,2960,361.6755666,433.9486002,2010,130,502
29195090400,2826,403.1003983,507.3638136,1890,222,485
29195090500,5124,702.687292,816.6043917,3196,465,916
29195090600,2954,442.3221145,517.6272474,1741,149,709
29195090700,2520,461.7986139,754.8389375,2355,28,27
29195090800,2333,463.9325526,696.75453,2211,13,39
29197470100,1882,313.1126268,512.5171797,1793,0,29
29197470200,2150,335.1832367,485.8310478,2071,0,18
29199480100,2833,414.5961259,658.9914203,2756,7,18
29199480200,1883,268.4233939,450.8198912,1781,5,17
29201780100,3160,2.1558422,3.63996379,2922,29,75
29201780200,4165,671.0602459,1111.317388,3828,30,64
29201780300,2575,454.541504,805.483754,2375,20,58
29201780400,4986,839.9455944,1434.684332,4387,213,88
29201780600,4206,662.6607256,1023.467896,3331,470,146
29201780700,2892,497.0061265,474.0542353,1125,1559,49
29201781000,4019,447.0904806,644.7816714,3692,49,111
29201781100,3230,322.4342942,536.266208,3052,15,49
29201781201,2546,429.5307632,384.9844782,1084,1182,124
29201781202,3180,482.2256175,689.5318078,2331,567,98
29201781300,3100,559.4649825,831.1747991,2468,368,73
29203470100,2880,608.9309616,948.7907131,2688,4,46
29203470200,4151,756.6245939,1242.542621,3763,3,95
29205450100,1802,323.3758486,549.894696,1668,15,44
29205450200,2542,431.2920731,707.5153968,2409,4,40
29205450300,1759,254.3992717,444.8203818,1672,5,33
29207470100,3634,600.4959133,1103.766691,3397,29,40
29207470200,4066,641.510851,1257.330887,3807,11,58
29207470300,4090,627.5844854,1107.950101,3853,19,58
29207470400,2550,437.0630563,725.8986675,2351,62,43
29207470500,3501,412.7786522,775.1396066,3135,49,151
29207470600,5118,774.0702016,1266.886434,4736,51,119
29207470700,2549,390.0697547,686.2420766,2306,77,67
29207470800,3164,563.7865746,877.2219215,3025,7,30
29209090101,3517,445.621493,830.8550073,3237,11,66
29209090102,4107,390.3685781,1001.291526,3779,6,60
29209090201,2170,372.6816376,571.3826774,1948,11,58
29209090202,2606,402.3528241,581.34302,2383,5,55
29209090401,2773,407.7862293,669.0659385,2557,8,54
29209090402,2241,486.4576464,822.2345082,2076,6,46
29209090501,1645,367.1773898,575.8860893,1455,11,39
29209090502,3555,782.3364096,1244.025685,3263,2,93
29209090603,1431,328.774741,499.4505935,1300,3,36
29209090604,1742,395.5721134,612.7969567,1615,8,46
29209090605,2491,479.8135708,775.3178573,2181,9,125
29209090606,2798,430.0514793,715.7356785,2502,5,104
29211480100,1879,314.1902906,539.1409964,1723,6,86
29211480200,1281,188.6563364,335.5563562,1202,4,28
29211480300,2839,357.5422623,522.2470923,1582,198,940
29213480106,2234,328.9491883,493.1113098,1644,71,242
29213480107,1733,309.2819563,459.7269096,1435,31,129
29213480108,3190,486.5134305,712.1478931,2384,76,435
29213480109,2399,383.5035884,580.1174672,1873,66,231
29213480203,3954,554.1376721,882.3528728,3403,16,248
29213480204,3360,509.5113105,887.6669922,2932,23,140
29213480205,1202,163.9654146,258.4374683,1025,20,80
29213480206,3160,492.9605509,785.3812225,2538,54,320
29213480207,3519,580.3044392,932.6702364,2969,40,246
29213480208,3078,455.5150152,714.8760684,2483,47,310
29213480301,5149,845.1072457,1401.827291,4412,63,249
29213480302,4393,670.6383969,1089.759751,3787,61,231
29213480402,2326,424.4208466,797.866594,2179,7,34
29213480403,3330,536.2514578,868.8394557,3025,17,80
29213480404,2332,409.6556425,722.2362641,2138,4,47
29213480501,2250,406.1651884,682.2428579,2019,7,81
29213480503,4313,535.3754058,860.6828987,2953,182,807
29213480504,4144,531.4109502,836.8033874,3269,66,419
29215480101,3225,473.3032947,837.1663317,2963,26,82
29215480102,4251,503.0111146,870.0248636,3295,694,93
29215480201,2696,399.5975151,740.5149238,2511,15,28
29215480202,2298,362.8920916,617.5989532,2115,13,51
29215480301,3064,501.3369785,787.1932911,2829,5,77
29215480302,3071,488.1628472,826.4145221,2823,12,80
29215480401,3816,635.0129937,1080.319457,3535,21,75
29215480402,2066,321.5504289,584.3764855,1921,4,29
29217950100,3277,545.2896281,1002.212788,3067,2,20
29217950200,1758,251.1078836,421.1661361,1661,1,12
29217950300,5887,860.8763946,1317.034157,5261,68,152
29217950400,3339,397.7861004,549.9959975,2919,32,137
29217950500,2833,379.3753449,658.3731718,2634,7,45
29217950600,2613,440.3516211,765.8536402,2424,0,60
29219820104,4104,757.144725,1159.593263,3752,20,95
29219820105,3483,478.4874984,702.8708415,2878,94,205
29219820106,4951,841.1111027,1241.130004,4403,79,147
29219820107,3670,550.2118722,817.6969337,3143,134,91
29219820108,5450,841.9211275,1190.231246,4434,248,383
29219820109,3828,602.5682561,867.7918973,3222,97,246
29219820201,2342,497.7892938,718.4470901,2133,16,80
29219820203,3763,576.2699264,925.0642854,3473,22,68
29219820204,3941,813.2345482,1207.953377,3665,21,85
29221460101,2848,374.3796724,651.3813954,2632,7,22
29221460102,3570,508.4336351,860.6935459,3281,26,45
29221460200,4302,604.3256068,1041.399461,4001,5,42
29221460300,4361,411.0614124,722.7876823,3529,532,58
29221460400,4508,582.6724441,991.9810876,4236,34,32
29221460500,3925,556.3958134,984.6764956,3699,6,28
29223690100,2740,501.2357223,888.6913595,2541,7,40
29223690200,2663,498.7436096,892.0609431,2467,10,37
29223690300,3604,600.1297948,980.685203,3293,23,58
29223690400,1967,332.94643,592.1180511,1792,10,20
29225470101,5305,826.9968038,1460.566094,4824,23,119
29225470102,5703,854.055712,1359.979913,5279,3,72
29225470201,5544,880.2605827,1496.764982,5044,26,130
29225470202,4519,706.6916656,1087.740047,4124,25,104
29225470301,5815,482.7057225,653.8653853,5244,20,161
29225470302,5323,694.0700131,1197.063478,5054,5,61
29225470401,3841,433.1528285,788.7600762,3571,11,99
29225470402,3035,426.219436,737.6361543,2753,90,44
29227960100,1973,380.964789,601.5096506,1887,0,25
29229490100,3641,401.8829468,805.704945,3411,27,47
29229490200,4103,571.7014752,1063.831954,3781,41,93
29229490300,5209,711.4920349,1402.683545,4741,32,81
29229490400,5235,719.6539233,1286.926634,4721,18,149
29510101100,2569,545.2190251,489.0935547,1859,164,175
29510101200,3197,812.3840797,719.5490967,2310,189,136
29510101300,4150,1109.642064,877.9517836,3006,515,272
29510101400,2704,591.268095,407.338734,1357,904,169
29510101500,2849,419.3440014,327.4908184,1418,962,234
29510101800,2829,510.386263,361.2311407,1270,1004,284
29510102100,2737,731.235272,617.7693972,2168,280,94
29510102200,5967,1839.421919,1489.846538,5229,180,228
29510102300,1814,438.538469,374.5902429,1328,103,109
29510102400,2240,564.8228406,407.7716847,1534,310,159
29510102500,1842,509.2443091,404.2185157,1407,195,85
29510103100,3331,987.4050437,810.943537,2575,345,148
29510103400,1778,548.9391677,420.1275851,1511,72,70
29510103600,1250,369.6061685,284.6022349,1011,65,46
29510103700,2507,743.5996461,575.9293921,2086,129,93
29510103800,3823,1195.527136,963.8966595,3235,179,165
29510104200,3406,1004.279307,730.9509928,2795,162,128
29510104500,2520,717.4521765,496.6675088,1772,240,130
29510105198,3960,1092.443992,627.9015753,2184,397,170
29510105200,2647,795.7290163,414.2316305,1067,1118,91
29510105300,2211,615.3754161,308.4669968,259,1770,48
29510105400,2413,509.2226697,251.2379267,117,1764,428
29510105500,2546,689.5007307,334.3430803,129,2284,34
29510106100,1744,457.5262403,223.7401966,34,1631,24
29510106200,1260,345.0668189,162.665626,6,1219,3
29510106300,1480,387.8818288,174.1963728,26,1395,26
29510106400,1650,454.7176234,205.1776152,26,1555,17
29510106500,2687,632.263868,287.797313,177,2399,13
29510106600,1250,335.9381946,163.9731354,36,1143,12
29510106700,2502,732.4145868,343.0157623,45,2324,28
29510107200,974,296.7648877,132.5968078,22,920,18
29510107300,3968,1254.176217,597.53911,42,3772,30
29510107400,1783,550.624638,250.4612758,16,1670,27
29510107500,2040,612.5549843,269.7726609,56,1910,28
29510107600,1905,514.0004608,253.8888799,25,1832,13
29510108100,2535,866.3323549,409.6483225,71,2355,20
29510108200,2260,720.2061207,351.0319206,70,2119,17
29510108300,1830,487.8876428,233.5028905,53,1705,13
29510109600,2496,734.5589813,346.3759747,33,2374,18
29510109700,1644,416.3573395,198.2716764,87,1482,12
29510110100,2264,640.2480866,300.4744776,25,2128,34
29510110200,1922,552.0704236,243.8723666,21,1824,17
29510110300,1904,495.051231,229.569468,22,1819,13
29510110400,1960,509.8978848,250.0045661,42,1834,30
29510110500,1002,288.5243362,128.8769415,31,943,9
29510111100,1874,463.3143488,225.0141177,58,1718,32
29510111200,1014,304.0905635,143.3760786,133,845,16
29510111300,1199,320.521871,151.5743485,21,1151,3
29510112100,4455,1351.79258,796.5396057,2601,960,242
29510112200,1434,359.6617679,177.4064569,165,1138,47
29510112300,1787,456.2916894,222.7969001,68,1620,30
29510112400,4492,1319.21684,788.098581,2815,556,250
29510113500,2352,639.8778982,573.0788655,2139,40,70
29510114101,4201,1226.397236,846.4901247,2884,755,200
29510114102,4211,1354.866021,1081.577218,3720,132,105
29510114200,4557,1400.077294,997.4061833,3511,435,211
29510114300,5242,1633.751093,1179.685316,4389,309,229
29510115100,3940,769.6849596,520.3975032,2201,842,511
29510115200,2960,575.3301621,367.4484031,1192,1039,417
29510115300,5047,870.0555557,581.6111113,1808,1700,628
29510115400,3054,572.4310571,429.4862684,1622,707,373
29510115500,5460,931.4010269,545.2132455,1531,2769,719
29510115600,5091,870.3338482,509.5322586,1775,2317,535
29510115700,3460,527.0300057,305.8504885,775,1817,412
29510116100,3057,686.2849333,420.2170482,1437,756,362
29510116200,4175,1431.516055,828.3166812,2948,621,183
29510116301,2902,952.9612429,554.7031854,1999,412,167
29510116302,3007,398.7072592,231.021533,577,1296,391
29510116400,4536,839.0108649,425.8892371,930,2586,552
29510116500,3813,1121.530913,637.7753721,1884,1275,236
29510117100,1546,545.0850516,324.793619,1103,237,61
29510117200,5460,1901.654858,1061.378903,3432,1347,264
29510117400,4188,1364.85354,795.2164813,2683,978,162
29510118100,1591,373.7081603,207.6283573,651,702,98
29510118600,4561,934.2616575,517.3659421,2493,957,214
29510119101,2649,613.21618,349.5489032,1273,829,94
29510119102,3418,904.6204049,549.1984581,2053,458,158
29510119200,1946,459.0333719,254.8535654,784,891,78
29510119300,6100,880.6516838,494.4183552,3047,1423,304
29510120200,1092,254.9271939,126.2449994,45,1000,9
29510121200,1787,393.0951289,187.8664266,42,1669,31
29510123100,3235,1002.710176,536.9440703,1180,1756,145
29510123200,2464,709.1242656,430.192571,1460,744,80
29510123300,2928,837.0929392,518.0515655,1834,798,85
29510124100,4191,732.7926501,378.0603988,853,2591,478
29510124200,3070,627.8593865,337.3760114,979,1487,373
29510124300,3059,921.5241379,567.7346464,1979,693,175
29510124600,1712,309.4505201,167.9671377,475,927,171
29510125500,3810,848.6112603,508.8744051,1837,1389,212
29510125600,5832,1025.036998,623.7501827,2326,2733,290
29510125700,2852,571.3066432,281.6361911,95,2651,32
29510126600,2779,550.6701117,283.6844262,405,2214,57
29510126700,1074,249.0827142,122.3013808,156,834,23
29510126800,3371,997.3884109,717.1771517,2622,258,157
29510126900,3958,1092.794625,525.5821635,49,3785,32
29510127000,1221,233.7507823,122.8344062,197,954,30
29510127100,1683,407.327402,190.361583,81,1548,15
29510127200,4163,1106.955436,816.0322458,2836,703,205
29510127300,3729,1167.869078,619.7054752,1337,1913,127
29510127400,4705,1086.844846,598.0148716,1328,3056,89
29510127500,2461,558.3690983,278.0086256,546,1730,42
29510127600,3444,863.9706565,532.5496062,2349,759,145
29510127700,1868,480.030853,220.0895562,41,1750,7
29510127800,3961,707.5967155,380.1138792,1021,2570,123